j,psi,psi_hat,psi_centered,psi_hat_centered
0,-0.41814837018148,0,-0.408620419095955,-0.546010701573902
1,-0.110286496514231,0.613906148297338,-0.100758545428706,0.0678954467234354
2,-1.05175738361197,-0.443314481456796,-1.04222943252645,-0.989325183030699
3,-0.833903771511327,-0.203371263669341,-0.824375820425802,-0.749381965243243
4,-0.548981428986506,0.0990048328306609,-0.539453477900981,-0.447005868743242
5,-0.83281060311074,-0.170045594400314,-0.823282652025215,-0.716056295974217
6,-0.0247503144612612,0.532688291645081,-0.0152223633757362,-0.0133224099288213
7,0.779651463123096,1.35417872965282,0.789179414208621,0.808168028078917
8,-0.202311970022416,0.500145192359124,-0.192784018936891,-0.0458655092147781
9,0.393013049854174,1.29950002916628,0.402541000939699,0.753489327592375
10,0.369564581240283,0.909555758780479,0.379092532325808,0.363545057206577
11,0.518552695513846,1.10862804163458,0.528080646599371,0.562617340060679
12,-0.566854711560217,-0.0832316415118634,-0.557326760474692,-0.629242343085766
13,-0.602654907085076,-0.164262406732279,-0.593126955999551,-0.710273108306181
14,0.834352860054381,1.22559555326455,0.843880811139906,0.67958485169065
15,0.768078966475773,1.25329740415601,0.777606917561298,0.707286702582106
16,-0.0484666773526943,0.629859710943569,-0.0389387262671693,0.0838490093696665
17,0.0663868446202338,0.726977559375725,0.0759147957057588,0.180966857801823
18,-0.263120329367906,0.329375777207811,-0.253592378282381,-0.216634924366092
19,-0.632138578971698,-0.120537214309091,-0.622610627886173,-0.666547915882993
20,0.392625776515222,0.932509043995881,0.402153727600747,0.386498342421979
21,-0.744339618353948,-0.412176500391904,-0.734811667268423,-0.958187201965806
22,-0.212228460264459,0.531347864207602,-0.202700509178934,-0.0146628373663009
23,-0.683416550685872,-0.398755375591411,-0.673888599600347,-0.944766077165313
24,0.404378872107226,0.888985652753977,0.413906823192751,0.342974951180074
25,-0.929092836921702,-0.539353249385838,-0.919564885836177,-1.08536395095974
26,-0.522033349630082,0.121892121552298,-0.512505398544557,-0.424118580021604
27,0.0690652752495962,0.538363966061089,0.0785932263351212,-0.00764673551281314
28,0.402472426079357,1.20591215190018,0.412000377164882,0.659901450326275
29,-0.970440792927081,-0.435903125132382,-0.960912841841556,-0.981913826706285
30,0.824882968970494,1.24793135521677,0.834410920056019,0.701920653642864
31,0.678001858986961,1.57573054193633,0.687529810072486,1.02971984036243
32,0.411508557084285,0.945748125408346,0.42103650816981,0.399737423834444
33,0.157783353970333,0.952785754359932,0.167311305055858,0.406775052786029
34,-0.172412791065773,0.615760738949529,-0.162884839980248,0.0697500373756265
35,0.0197245707266029,0.812059529433579,0.0292525218121279,0.266048827859677
36,-0.266341678274648,0.399957280552462,-0.256813727189123,-0.14605342102144
37,-0.078209693894614,0.362201318615488,-0.068681742809089,-0.183809382958414
38,0.627320695579756,1.50344470361181,0.636848646665281,0.957434002037908
39,-0.248547042016421,0.243856119799781,-0.239019090930896,-0.302154581774121
40,-0.343926145540147,0.362351383388044,-0.334398194454622,-0.183659318185859
41,0.341483988315822,0.699229414530599,0.351011939401347,0.153218712956696
42,-0.709476722521883,0.00618230337116986,-0.699948771436358,-0.539828398202733
43,0.00515493613084607,0.54683411799282,0.0146828872163711,0.000823416418917256
44,0.413628782604703,0.96438461411757,0.423156733690228,0.418373912543667
45,0.327010608815947,0.930896158944833,0.336538559901472,0.38488545737093
46,0.0641354162317613,0.690795268887981,0.0736633673172864,0.144784567314079
47,0.104418849574601,0.756440146136327,0.113946800660126,0.210429444562425
48,0.115549891513942,0.504519047243682,0.125077842599467,-0.0414916543302202
49,0.141965080733145,0.668177014024422,0.15149303181867,0.12216631245052
50,0.26811051948065,0.912732055243414,0.277638470566175,0.366721353669511
51,-0.324374999014396,-0.043777820860682,-0.314847047928871,-0.589788522434585
52,-1.23306626457352,-0.458857473965475,-1.223538313488,-1.00486817553938
53,-0.671366778627808,-0.23532234146716,-0.661838827542283,-0.781333043041062
54,0.0209959747927147,0.457164592587855,0.0305239258782397,-0.0888461089860475
55,-0.112751520406385,0.184025491777295,-0.10322356932086,-0.361985209796607
56,0.885827747297067,1.54317482110179,0.895355698382592,0.997164119527885
57,-0.583129756572855,-0.0726430072051644,-0.57360180548733,-0.618653708779067
58,-0.310551410258427,0.213980789759052,-0.301023459172902,-0.33202991181485
59,-0.722165403836203,-0.178672197917492,-0.712637452750678,-0.724682899491395
60,0.0481781486513085,0.44051998059216,0.0577060997368335,-0.105490720981743
61,-0.227397526620145,0.326592395823881,-0.21786957553462,-0.219418305750021
62,0.126705681875236,0.691243788658579,0.136233632960761,0.145233087084677
63,0.883418552225007,1.10858819356225,0.892946503310532,0.562577491988352
64,-0.171927836911859,0.368476335753072,-0.162399885826334,-0.177534365820831
65,-0.0454898954126766,0.480801783303642,-0.0359619443271516,-0.0652089182702607
66,-0.00168612943321934,0.53039867831282,0.0078418216523057,-0.0156120232610825
67,0.996943439921749,1.41843111686456,1.00647139100727,0.872420415290661
68,-0.335094378400812,0.0961792864714646,-0.325566427315287,-0.449831415102438
69,0.494444102927059,1.10839046828504,0.503972054012584,0.56237976671114
70,0.271617334623365,0.984782545480381,0.28114528570889,0.438771843906479
71,0.139595305499866,0.733982278682629,0.149123256585391,0.187971577108726
72,0.164939413666707,1.26676582865087,0.174467364752232,0.720755127076971
73,0.846375967520813,1.53059087282496,0.855903918606338,0.984580171251058
74,0.84305231578362,1.28721862572095,0.852580266869145,0.741207924147052
75,0.452333544799483,1.21321451264299,0.461861495885008,0.667203811069087
76,-1.12631722228663,-0.46311181025043,-1.11678927120111,-1.00912251182433
77,0.181663140234814,0.831436179023272,0.191191091320339,0.285425477449369
78,0.188144638123719,0.939160481655143,0.197672589209244,0.39314978008124
79,0.213239942310475,0.748841365729205,0.222767893396,0.202830664155303
80,0.00527896545475446,0.678637726901073,0.0148069165402795,0.132627025327171
81,0.25948205755519,0.695217758359691,0.269010008640715,0.149207056785788
82,0.75256052626469,1.15770525891081,0.762088477350215,0.611694557336909
83,0.0106251041076415,0.495234831846263,0.0201530551931665,-0.0507758697276393
84,0.219344267096889,1.00219273911445,0.228872218182414,0.456182037540549
85,-0.543301154361419,0.107774575298934,-0.533773203275894,-0.438236126274968
86,0.0134895906181255,0.627655036637761,0.0230175417036505,0.0816443350638583
87,0.350204436222438,0.580663621270962,0.359732387307963,0.0346529196970599
88,0.52562132088723,1.22554116478724,0.535149271972755,0.679530463213335
89,-0.0925833253296206,0.375746392477446,-0.0830553742440956,-0.170264309096457
90,-0.010504149955348,0.542776061974218,-0.000976198869822961,-0.0032346395996844
91,-1.06487068349381,-0.437441248176671,-1.05534273240828,-0.983451949750573
92,0.639966506598666,1.06119735099014,0.649494457684191,0.515186649416243
93,0.391569768269491,0.950319709844507,0.401097719355016,0.404309008270605
94,-0.0752510151327278,0.715651364633654,-0.0657230640472028,0.169640663059752
95,0.285308429202821,0.675400330300007,0.294836380288346,0.129389628726105
96,0.160325841686039,0.769329508529637,0.169853792771564,0.223318806955734
97,0.0773971519053886,0.593150694044853,0.0869251029909136,0.047139992470951
98,0.904678665120712,1.58292910288609,0.914206616206237,1.03691840131218
99,-0.634765797899161,-0.314072183562929,-0.625237846813636,-0.860082885136831
100,-0.408525120689992,0.171784333783966,-0.398997169604467,-0.374226367789936
101,0.215203973850161,0.705238727209986,0.224731924935686,0.159228025636084
102,0.0469880469265191,0.607648640090872,0.0565159980120441,0.0616379385169692
103,-0.32604107969833,0.240897724043056,-0.316513128612805,-0.305112977530846
104,0.504334187646597,1.14296676423875,0.513862138732122,0.596956062664852
105,0.358171661886031,1.1150812850907,0.367699612971556,0.569070583516797
106,0.594266596102187,1.05247194209205,0.603794547187712,0.506461240518151
107,-0.492957498329897,0.298679542902996,-0.483429547244372,-0.247331158670906
108,-0.962454140096647,-0.254923413974855,-0.952926189011122,-0.800934115548758
109,-0.00478748331649327,0.572847263560889,0.00474046776903177,0.0268365619869868
110,-0.174578762201825,0.319150261373326,-0.1650508111163,-0.226860440200576
111,-0.990459994831429,-0.562319129217079,-0.980932043745904,-1.10832983079098
112,-0.48894916819929,0.0852921945673595,-0.479421217113765,-0.460718507006543
113,-0.0737774133025709,0.553905903566198,-0.0642494622170459,0.0078952019922951
114,-1.0183187369883,-0.146256674308969,-1.00879078590277,-0.692267375882871
115,-1.01201364518005,-0.689076387137137,-1.00248569409453,-1.23508708871104
116,0.450992166778047,1.01875653105255,0.460520117863572,0.472745829478643
117,-0.600198738156266,-0.143955742469522,-0.590670787070741,-0.689966444043424
118,-0.437749020712978,0.303359591705096,-0.428221069627453,-0.242651109868807
119,0.17218544430982,0.718999206020782,0.181713395395345,0.17298850444688
120,-0.668979329416004,-0.0877104833608111,-0.659451378330479,-0.633721184934714
121,-0.4056595645027,0.0852293043746724,-0.396131613417175,-0.46078139719923
122,0.409686362922507,0.921985450159863,0.419214314008032,0.375974748585961
123,-0.383022790538114,0.26128284789304,-0.373494839452589,-0.284727853680862
124,0.406347910196696,0.832360642941503,0.415875861282221,0.286349941367601
125,-1.32485004167215,-0.729553579014514,-1.31532209058663,-1.27556428058842
126,-0.701471868191673,-0.125511584471022,-0.691943917106148,-0.671522286044925
127,0.405274257198556,0.975214978354121,0.414802208284081,0.429204276780219
128,0.291231722391714,0.986092273930935,0.300759673477239,0.440081572357033
129,0.00103778277913307,0.390659699024724,0.0105657338646581,-0.155351002549178
130,-0.190424466008048,0.473719642140275,-0.180896514922523,-0.0722910594336274
131,-0.226439174534211,0.344086190653653,-0.216911223448686,-0.201924510920249
132,-0.0059569096753347,0.566328001738568,0.00357104141019034,0.0203173001646652
133,0.656582953061655,1.38651113887785,0.66611090414718,0.840500437303944
134,-0.227138032429659,0.328863573215379,-0.217610081344134,-0.217147128358523
135,0.663757679265644,1.31696908470797,0.673285630351169,0.770958383134064
136,-0.976118961693366,-0.349903107156599,-0.966591010607841,-0.895913808730501
137,0.0567689602720744,0.474860494537964,0.0662969113575994,-0.0711502070359384
138,0.97317653445804,1.54181685824996,0.982704485543565,0.995806156676056
139,0.25880186443384,0.655570631931981,0.268329815519365,0.109559930358079
140,-0.744708039813376,-0.339420985002328,-0.735180088727851,-0.885431686576231
141,0.693194802831818,1.19655555478592,0.702722753917343,0.65054485321202
142,-0.483280283482613,0.0554459631258655,-0.473752332397088,-0.490564738448037
143,0.0767377500748686,0.627270181487032,0.0862657011603936,0.0812594799131299
144,0.557547849203112,1.0437054579352,0.567075800288637,0.497694756361299
145,-0.403847698511329,0.0938633590173471,-0.394319747425804,-0.452147342556555
146,-0.0912732991143429,0.577912963856998,-0.0817453480288179,0.0319022622830959
147,-0.655636296345473,-0.0864207320179908,-0.646108345259948,-0.632431433591893
148,0.421369198891991,0.890757072269585,0.430897149977516,0.344746370695683
149,0.076295264493462,0.783478630885085,0.085823215578987,0.237467929311182
150,0.217572384817066,0.684473290069903,0.227100335902591,0.138462588496001
151,-0.395914380714417,-0.0958593519573894,-0.386386429628892,-0.641870053531292
152,-0.357451628805958,0.110771564743539,-0.347923677720433,-0.435239136830363
153,-0.150096423377769,0.305497714517776,-0.140568472292244,-0.240512987056126
154,-0.173076149594613,0.530746656795137,-0.163548198509088,-0.0152640447787655
155,-0.173428474790325,0.24605995279984,-0.1639005237048,-0.299950748774062
156,-0.268016721660846,0.404162854818378,-0.258488770575321,-0.141847846755524
157,0.205333519208887,0.808583730185207,0.214861470294412,0.262573028611304
158,-0.219663160904696,0.25414868013084,-0.210135209819171,-0.291862021443063
159,-0.322988693601586,0.37352879751818,-0.313460742516061,-0.172481904055723
160,-0.763918937976516,-0.326550628661961,-0.754390986890991,-0.872561330235864
161,0.61371402185206,1.42220432125034,0.623241972937585,0.876193619676441
162,-1.0321492261225,-0.328608700192515,-1.02262127503698,-0.874619401766418
163,-0.122523208153981,0.0787009156091083,-0.112995257068456,-0.467309785964794
164,-0.178661954892664,0.28059531799859,-0.169134003807139,-0.265415383575312
165,0.188716831868813,0.641228979292241,0.198244782954338,0.0952182777183386
166,-0.42711208048262,0.286728669717772,-0.417584129397095,-0.259282031856131
167,-0.198743445675248,0.0714564860679986,-0.189215494589723,-0.474554215505904
168,0.602093307464703,0.986656020454686,0.611621258550228,0.440645318880783
169,-0.34627906685805,0.269066205778133,-0.336751115772525,-0.27694449579577
170,-0.932142132172588,-0.475241515792219,-0.922614181087063,-1.02125221736612
171,0.744468648440639,1.20091120113337,0.753996599526164,0.65490049955947
172,0.220663512684922,1.12314283713103,0.230191463770447,0.577132135557131
173,-0.280825754120429,0.423830788046558,-0.271297803034904,-0.122179913527345
174,-0.476775540745471,-0.264922341583585,-0.467247589659946,-0.810933043157487
175,-1.24732126503976,-0.448949770742177,-1.23779331395424,-0.994960472316079
176,0.473966926866136,0.770456648781108,0.483494877951661,0.224445947207205
177,-0.261440351629428,0.215008463613115,-0.251912400543903,-0.331002237960787
178,-1.06193104597992,-0.420853835348205,-1.0524030948944,-0.966864536922108
179,0.125857246040929,0.862874881940389,0.135385197126454,0.316864180366487
180,0.264349463315212,0.761556436456643,0.273877414400737,0.215545734882741
181,0.0231602879684078,0.67949607773356,0.0326882390539328,0.133485376159657
182,0.183816399031896,0.477641384880625,0.193344350117421,-0.0683693166932771
183,-0.0216424470000918,0.524853496857825,-0.0121144959145668,-0.021157204716078
184,0.55920396625891,0.782264934674924,0.568731917344435,0.236254233101021
185,0.186352975815346,0.611346731348609,0.195880926900871,0.0653360297747068
186,0.398586025482201,1.10861580463711,0.408113976567726,0.562605103063206
187,-0.221905749085498,0.3312245177657,-0.212377797999973,-0.214786183808203
188,-0.296537243648261,0.386490021006641,-0.287009292562736,-0.159520680567262
189,0.493408023931291,1.05595203463901,0.502935975016816,0.509941333065111
190,0.0964113165476908,0.452828360548954,0.105939267633216,-0.0931823410249482
191,-0.0965941399771105,0.431359109398177,-0.0870661888915855,-0.114651592175725
192,0.199525308188478,0.614663419898433,0.209053259274003,0.0686527183245305
193,-0.287718086747803,0.330288197357566,-0.278190135662278,-0.215722504216337
194,0.699040492993218,1.0031697085155,0.708568444078743,0.4571590069416
195,-0.659439753604147,-0.0698325749711108,-0.649911802518622,-0.615843276545013
196,0.0628257969495909,0.65690043039732,0.0723537480351159,0.110889728823417
197,0.128709208540329,0.727667550225584,0.138237159625854,0.181656848651682
198,0.426036058023838,0.850994355931478,0.435564009109363,0.304983654357575
199,0.457318189811199,0.936925326503223,0.466846140896724,0.390914624929321
200,-0.073619195165364,0.594697324994947,-0.064091244079839,0.0486866234210448
201,-0.571992525699067,0.113036509563228,-0.562464574613542,-0.432974192010675
202,0.197057770669049,0.720673389873393,0.206585721754574,0.174662688299491
203,0.436693795956889,1.24473013398419,0.446221747042414,0.698719432410285
204,0.16234896388153,0.817023888520511,0.171876914967055,0.271013186946608
205,-0.389253930892612,0.300680269927204,-0.379725979807087,-0.245330431646699
206,0.0280975136700362,1.00023232541591,0.0376254647555612,0.454221623842012
207,-0.805556036729699,-0.204962207776776,-0.796028085644174,-0.750972909350679
208,0.00460784251467183,0.578494853637536,0.0141357936001969,0.0324841520636331
209,-0.0343292766836851,0.43429545602736,-0.0248013255981601,-0.111715245546542
210,0.3690494636152,1.09540947548745,0.378577414700725,0.549398773913547
211,-0.329039878937835,0.191025833577169,-0.31951192785231,-0.354984867996733
212,-1.22285766150373,-0.720908424453472,-1.21332971041821,-1.26691912602737
213,0.146542370764831,0.951230925837312,0.156070321850356,0.405220224263409
214,-0.487371196623718,0.0163574362115037,-0.477843245538193,-0.529653265362399
215,0.231650487736204,1.05022946056125,0.241178438821729,0.504218758987343
216,-0.394549577478468,0.183895072232168,-0.385021626392943,-0.362115629341735
217,-0.533559681926788,0.0141637026082199,-0.524031730841263,-0.531846998965683
218,-0.123744022420312,0.462020510326619,-0.114216071334787,-0.0839901912472837
219,-0.815288489378081,-0.398198536062534,-0.805760538292556,-0.944209237636436
220,-0.343475472470289,0.20916856473191,-0.333947521384764,-0.336842136841993
221,-0.0436870877513591,0.602669385428319,-0.0341591366658341,0.0566586838544164
222,-0.376842293409572,-0.117453255105789,-0.367314342324047,-0.663463956679691
223,0.150334316584382,0.84804779130904,0.159862267669907,0.302037089735137
224,-0.084033175793185,0.263359046090462,-0.07450522470766,-0.282651655483441
225,-0.283346333855435,0.215900875338833,-0.27381838276991,-0.33010982623507
226,0.548948429218617,1.25902104459612,0.558476380304142,0.713010343022213
227,-0.229910200695241,0.00446950721934871,-0.220382249609716,-0.541541194354554
228,-0.113762114004877,0.37338765530051,-0.104234162919352,-0.172623046273392
229,0.224723768957726,0.819536589365391,0.234251720043251,0.273525887791489
230,0.566053154837461,1.14895307451063,0.575581105922986,0.602942372936726
231,-0.826825903822312,-0.316162758814105,-0.817297952736787,-0.862173460388008
232,-0.550706448252744,0.119757635162582,-0.541178497167219,-0.426253066411321
233,-0.459578048883352,0.0951224880740901,-0.450050097797827,-0.450888213499812
234,0.152644652798937,0.853971006166246,0.162172603884462,0.307960304592343
235,-0.0583611558733546,0.55893072093732,-0.0488332047878296,0.0129200193634174
236,0.568335396105952,1.11060026448359,0.577863347191477,0.564589562909686
237,-0.598078346982692,0.0749764271603398,-0.588550395897167,-0.471034274413563
238,-0.0513570951110105,0.373391493542809,-0.0418291440254855,-0.172619208031093
239,0.155622755531413,0.884302455778031,0.165150706616938,0.338291754204128
240,-1.01712484177002,-0.376395533504484,-1.0075968906845,-0.922406235078386
241,-0.320121901316817,0.281147651445022,-0.310593950231292,-0.264863050128881
242,0.913365445785541,1.73902309700213,0.922893396871066,1.19301239542823
243,-0.133102787523658,0.356540595609728,-0.123574836438133,-0.189470105964174
244,-0.212890908378476,0.566830314511383,-0.203362957292951,0.0208196129374808
245,0.494282386926533,1.13080217212475,0.503810338012058,0.584791470550851
246,0.405037259420758,0.964136971089128,0.414565210506283,0.418126269515225
247,0.39127875007097,0.684809368277679,0.400806701156495,0.138798666703777
248,0.0880679942766391,0.487229324809292,0.0975959453621641,-0.0587813767646103
249,-0.149885188403711,0.499513001279728,-0.140357237318186,-0.0464977002941743
250,0.304497999616737,0.860357696983203,0.314025950702262,0.3143469954093
251,0.197330086946086,1.13046000507927,0.206858038031611,0.584449303505365
252,0.281223580795868,0.826124453637156,0.290751531881393,0.280113752063253
253,0.658235889444152,1.44645642009888,0.667763840529677,0.900445718524973
254,-0.248534798337078,0.320351905741365,-0.239006847251553,-0.225658795832538
255,-0.851280545980636,-0.654353120771192,-0.841752594895111,-1.20036382234509
256,-1.09745213858495,-0.267268076303685,-1.08792418749943,-0.813278777877587
257,0.738959912395377,1.27288947489409,0.748487863480902,0.726878773320191
258,-0.157551877132711,0.322906773354436,-0.148023926047186,-0.223103928219466
259,-0.44081440240345,0.156975569143972,-0.431286451317925,-0.389035132429931
260,-0.553465592330836,-0.0655712950232586,-0.543937641245311,-0.611581996597161
261,-0.465337445219698,0.0794683800938272,-0.455809494134173,-0.466542321480075
262,-0.0699043452232419,0.29012030116402,-0.0603763941377169,-0.255890400409883
263,-0.253130527792918,0.270428125574232,-0.243602576707393,-0.275582575999671
264,-0.512673600460274,0.00754816111801693,-0.503145649374749,-0.538462540455886
265,-0.105934144299052,0.304721324322745,-0.096406193213527,-0.241289377251157
266,0.313334023705327,0.866224476080558,0.322861974790852,0.320213774506655
267,-0.788315145432204,-0.397068823462109,-0.778787194346679,-0.943079525036011
268,1.24318885243166,1.94725004072725,1.25271680351719,1.40123933915334
269,-0.0390224317104084,0.583843909278217,-0.0294944806248834,0.0378332077043148
270,0.434931127611122,0.766770763446606,0.444459078696647,0.220760061872703
271,0.0104292545831385,0.692270138563159,0.0199572056686635,0.146259436989257
272,0.499369946920751,0.994776949029231,0.508897898006276,0.448766247455328
273,0.541003168612106,0.987224102679312,0.550531119697631,0.441213401105409
274,0.985965988561169,1.6718592136515,0.995493939646694,1.1258485120776
275,-0.421677022447294,0.256467988699232,-0.412149071361769,-0.28954271287467
276,1.06483426884597,1.81277467910038,1.0743622199315,1.26676397752647
277,0.00102051916579039,0.871825252207296,0.0105484702513154,0.325814550633393
278,-0.177302213395718,0.298924952746133,-0.167774262310193,-0.24708574882777
279,-1.48544118062955,-1.00595692868562,-1.47591322954403,-1.55196763025952
280,-0.991887212016997,-0.609164441997098,-0.982359260931472,-1.155175143571
281,-0.143428957373898,0.739165201739861,-0.133901006288373,0.193154500165958
282,0.262971313204695,0.810089162194196,0.27249926429022,0.264078460620294
283,-0.286277058221738,0.261802080843688,-0.276749107136213,-0.284208620730214
284,-0.162158138833604,0.561682749262375,-0.152630187748079,0.0156720476884721
285,-0.506416218413942,0.232401714034248,-0.496888267328417,-0.313608987539654
286,0.893926501999446,1.49712614744148,0.903454453084971,0.951115445867578
287,-0.538171605108369,-0.0741019421617605,-0.528643654022844,-0.620112643735663
288,0.235915411517782,0.942612274738501,0.245443362603307,0.396601573164599
289,0.0911606578345781,0.547481686604893,0.100688608920103,0.00147098503099097
290,0.038127618315084,0.534176144346246,0.047655569400609,-0.0118345572276569
291,0.193974654234949,0.702889767949041,0.203502605320474,0.156879066375139
292,-0.216593073221085,0.128482368068823,-0.20706512213556,-0.417528333505079
293,0.13684253794772,0.750125710296135,0.146370489033245,0.204115008722233
294,0.719344211188655,1.15360501542637,0.72887216227418,0.607594313852473
295,-0.128203770565416,0.532313220570075,-0.118675819479891,-0.013697481003827
296,0.630116196177748,0.924645957967058,0.639644147263273,0.378635256393156
297,-0.230898959292882,0.351085538071664,-0.221371008207357,-0.194925163502239
298,-0.0664131989349691,0.47899511154989,-0.0568852478494441,-0.0670155900240129
299,0.0172351710896311,0.427994086832718,0.0267631221751561,-0.118016614741185
300,-0.197584929689415,0.40406610272787,-0.18805697860389,-0.141944598846032
301,-0.154499577191578,0.556597028611282,-0.144971626106053,0.0105863270373799
302,0.15379939636624,0.744534235275928,0.163327347451765,0.198523533702025
303,-0.941978704317813,-0.287367492655746,-0.932450753232288,-0.833378194229648
304,0.913242038148433,1.29511419347952,0.922769989233958,0.749103491905619
305,-0.088982501668284,0.208041207666788,-0.079454550582759,-0.337969493907114
306,0.182072703874825,0.380454760093019,0.19160065496035,-0.165555941480884
307,0.193649098811191,0.818922354239947,0.203177049896716,0.272911652666044
308,0.414459425525615,1.03144015298841,0.42398737661114,0.485429451414503
309,-0.701449026206123,0.100784819271337,-0.691921075120598,-0.445225882302566
310,0.0417330293348273,0.528882007305649,0.0512609804203523,-0.0171286942682531
311,0.302977765837356,0.942835353868202,0.312505716922881,0.396824652294299
312,0.250524705859024,0.962447578717672,0.260052656944549,0.416436877143769
313,0.0504815666351556,0.390203011839312,0.0600095177206806,-0.155807689734591
314,-0.5504318600935,-0.204779828844057,-0.540903909007975,-0.750790530417959
315,-0.141048867094792,0.357111818461445,-0.131520916009267,-0.188898883112457
316,-1.20563947341765,-0.540330767284957,-1.19611152233213,-1.08634146885886
317,-0.00103775268145969,0.677452212521861,0.00849019840406535,0.131441510947958
318,0.254012315892501,1.00668099465676,0.263540266978026,0.460670293082859
319,-0.263284081124377,0.538195757395978,-0.253756130038852,-0.00781494417792483
320,0.721018426953215,1.2499162136883,0.73054637803874,0.703905512114399
321,-0.343713808055748,0.222014601486031,-0.334185856970223,-0.323996100087871
322,-0.0105938442077742,0.607422663510181,-0.00106589312224916,0.0614119619362788
323,0.606978363909363,1.02930764446043,0.616506314994888,0.483296942886529
324,0.0500856558820349,0.886431281928337,0.0596136069675599,0.340420580354434
325,-1.09816911933536,-0.770728092083009,-1.08864116824983,-1.31673879365691
326,0.00975719280271686,0.530252315553614,0.0192851438882419,-0.0157583860202885
327,0.0774283083219715,0.631081481625783,0.0869562594074965,0.0850707800518801
328,-0.215405211709839,0.394954342220929,-0.205877260624314,-0.151056359352973
329,0.106197246086497,0.539648355315272,0.115725197172022,-0.00636234625863041
330,0.529253062320354,1.11861516121873,0.538781013405879,0.572604459644831
331,0.0533280423240262,0.806622300290908,0.0628559934095512,0.260611598717006
332,-0.476474054442137,0.207891099613633,-0.466946103356612,-0.338119601960269
333,0.701156672366746,1.1130685063609,0.710684623452271,0.567057804787001
334,0.98957303954867,1.49263572156291,0.999100990634195,0.946625019989009
335,0.450732888854054,0.977707185437542,0.460260839939579,0.43169648386364
336,0.271652456990233,0.847580869389246,0.281180408075758,0.301570167815344
337,-0.115200495902869,0.370956634544077,-0.105672544817344,-0.175054067029825
338,-0.62491040457145,0.264653886130632,-0.615382453485925,-0.28135681544327
339,0.0709213573303861,0.657813116389943,0.0804493084159111,0.11180241481604
340,-0.616044597154406,-0.249731441807973,-0.606516646068881,-0.795742143381875
341,0.31282073624207,0.801780165742775,0.322348687327595,0.255769464168873
342,0.476491668609304,1.14399063780107,0.486019619694829,0.597979936227168
343,0.422247577544242,0.725633588560086,0.431775528629767,0.179622886986184
344,0.334254809956742,0.791754079255063,0.343782761042267,0.24574337768116
345,0.0782288159931284,0.692901561547837,0.0877567670786534,0.146890859973935
346,0.301770606660121,0.650021215638949,0.311298557745646,0.104010514065046
347,0.807175990964927,1.61675523621459,0.816703942050452,1.07074453464068
348,0.0244077009029063,0.522724741285556,0.0339356519884313,-0.0232859602883468
349,0.889802718262442,1.81289963457814,0.899330669347967,1.26688893300424
350,-0.126495628491376,0.0881458578822455,-0.116967677405851,-0.457864843691657
351,0.863048130876048,1.29739994260343,0.872576081961573,0.751389241029532
352,0.0786132679147119,0.849669071057866,0.088141219000237,0.303658369483964
353,0.368264518881159,0.899596992928047,0.377792469966684,0.353586291354145
354,-0.221776655415738,0.258408322162997,-0.212248704330213,-0.287602379410905
355,-0.494353245008882,-0.0498136737159198,-0.484825293923357,-0.595824375289822
356,-0.209335535707785,0.579089638672978,-0.19980758462226,0.0330789370990757
357,0.175131342164596,0.53171547701335,0.184659293250121,-0.0142952245605529
358,-0.264854491867268,0.562443745342113,-0.255326540781743,0.0164330437682102
359,0.687817560876235,1.27138959021963,0.69734551196176,0.725378888645725
360,0.528493515552406,0.932580911260679,0.538021466637931,0.386570209686777
361,0.303558110490104,0.719339923954109,0.313086061575629,0.173329222380207
362,-0.214810640917557,0.421407213894956,-0.205282689832032,-0.124603487678947
363,0.16962179000328,0.687535448467189,0.179149741088805,0.141524746893287
364,-0.100274681038555,0.177016935102524,-0.09074672995303,-0.368993766471379
365,0.827996803197391,1.26572857883767,0.837524754282916,0.719717877263768
366,-0.347896652461422,0.0646385597005508,-0.338368701375897,-0.481372141873352
367,0.10490848457761,1.01899176678787,0.114436435663135,0.47298106521397
368,-0.320653805534184,0.0639181551473533,-0.311125854448659,-0.482092546426549
369,0.244065714143905,0.990391357365844,0.25359366522943,0.444380655791942
370,1.45997052170481,2.05492572809997,1.46949847279034,1.50891502652607
371,0.127039570954437,0.996021752381973,0.136567522039962,0.45001105080807
372,0.0963671268647615,0.439978534128512,0.105895077950287,-0.106032167445391
373,0.21769581083559,1.02529413758139,0.227223761921115,0.479283436007489
374,-0.0473596167968306,0.598205735336432,-0.0378316657113056,0.0521950337625295
375,0.791816888184758,1.3346335156304,0.801344839270283,0.788622814056499
376,-0.0453803467202451,0.885698517352017,-0.0358523956347201,0.339687815778114
377,-0.0726315087261554,0.72421460673146,-0.0631035576406304,0.178203905157557
378,0.228025383435924,0.614195272149767,0.237553334521449,0.0681845705758649
379,0.0317711689095088,0.367546828501712,0.0412991199950338,-0.17846387307219
380,-0.192967119717263,0.322756491518179,-0.183439168631738,-0.223254210055723
381,-0.492808405093231,0.230267614455752,-0.483280454007706,-0.31574308711815
382,0.552870146074092,1.12398338009222,0.562398097159617,0.577972678518322
383,0.267954171824306,1.02895678298632,0.277482122909831,0.482946081412423
384,-0.364933265664914,0.0150690775283065,-0.355405314579389,-0.530941624045596
385,0.244406798212316,0.618235540328128,0.253934749297841,0.0722248387542255
386,-0.360566848886869,-0.231963638599787,-0.351038897801344,-0.777974340173689
387,0.29973509080715,0.893095838355165,0.309263041892675,0.347085136781263
388,-0.173160118738753,0.453996094418177,-0.163632167653228,-0.0920146071557256
389,-0.139681241487853,0.312163729367547,-0.130153290402328,-0.233846972206355
390,0.162759078982634,0.567294425079102,0.172287030068159,0.0212837235051998
391,-0.459481256692918,0.16517120132422,-0.449953305607393,-0.380839500249682
392,0.555741523210022,1.27832350239104,0.565269474295547,0.732312800817136
393,0.223235027068861,0.384975154924228,0.232762978154386,-0.161035546649675
394,-0.217831042681962,0.48419722886539,-0.208303091596437,-0.061813472708512
395,0.96118316424717,1.48448495910818,0.970711115332695,0.938474257534275
396,-0.490108176556567,-0.00714195138553458,-0.480580225471042,-0.553152652959437
397,0.933951141342381,1.62840292974901,0.943479092427906,1.08239222817511
398,0.377387042043399,0.787760968835598,0.386914993128924,0.241750267261696
399,-0.275549912689671,0.595269671812453,-0.266021961604146,0.0492589702385503
400,-0.0193763760088288,0.576414166718584,-0.00984842492330376,0.0304034651446818
401,-0.292264524291642,0.34052734667923,-0.282736573206117,-0.205483354894672
402,0.644633843520935,1.25362725018564,0.65416179460646,0.707616548611738
403,0.150526694108221,0.874363012789738,0.160054645193746,0.328352311215836
404,0.276937414896845,0.67367967867723,0.28646536598237,0.127668977103328
405,1.03181345912644,1.56881393612131,1.04134141021197,1.02280323454741
406,-1.18038363494964,-0.602567923464469,-1.17085568386411,-1.14857862503837
407,-0.346655267200779,0.137637120431121,-0.337127316115254,-0.408373581142781
408,0.32354608066295,0.507874330149052,0.333074031748475,-0.0381363714248504
409,-0.568368804712416,0.0760971083293071,-0.558840853626891,-0.469913593244595
410,0.970912091801074,1.50876004457404,0.980440042886599,0.96274934300014
411,0.284707714064736,0.825768696039048,0.294235665150261,0.279757994465145
412,0.750637973196922,1.36308522218141,0.760165924282447,0.817074520607505
413,0.182078868178111,1.15985646702846,0.191606819263636,0.61384576545456
414,-0.535023441918427,-0.0170541740522141,-0.525495490832902,-0.563064875626117
415,0.229590721059453,0.770343147855514,0.239118672144978,0.224332446281611
416,-0.614905466424771,-0.23043081827148,-0.605377515339246,-0.776441519845382
417,0.695496955697381,1.35718780314158,0.705024906782906,0.811177101567681
418,0.657910677576446,1.28169555493622,0.667438628661971,0.735684853362322
419,0.810840083354293,1.39081010874601,0.820368034439818,0.844799407172112
420,0.268793681986541,1.09883923902752,0.278321633072066,0.552828537453621
421,0.316767103836101,0.76180013631833,0.326295054921626,0.215789434744428
422,-0.624768146646514,-0.243871866366078,-0.615240195560989,-0.789882567939981
423,0.132235883484854,0.33905847686354,0.141763834570379,-0.206952224710362
424,0.579839279593816,1.1727985962851,0.589367230679341,0.6267878947112
425,-0.712617897266536,-0.107834477766071,-0.703089946181011,-0.653845179339973
426,0.244112221030519,0.8567662199989,0.253640172116044,0.310755518424998
427,-0.941771752345613,-0.222220048423147,-0.932243801260088,-0.768230749997049
428,0.761302331650517,1.15393402633284,0.770830282736042,0.607923324758936
429,-0.364645756768416,0.0587440706991741,-0.355117805682891,-0.487266630874728
430,0.274311962719024,0.755491773598964,0.283839913804549,0.209481072025062
431,-0.391921131444417,-0.0849860271845179,-0.382393180358892,-0.63099672875842
432,-0.00421554201935248,0.698014533323404,0.00531240906617256,0.152003831749502
433,-0.822209291151897,0.0146086743142228,-0.812681340066372,-0.53140202725968
434,-1.29738963176937,-0.700676342746743,-1.28786168068385,-1.24668704432065
435,0.468951305648367,1.05188078201314,0.478479256733892,0.505870080439241
436,0.234434900789853,0.763545620438914,0.243962851875378,0.217534918865012
437,0.579370858241724,0.96562487218962,0.588898809327249,0.419614170615717
438,0.503113488085381,0.687661698802575,0.512641439170906,0.141650997228672
439,-0.170376229784823,0.35773203963078,-0.160848278699298,-0.188278661943123
440,-0.298437078050103,0.411775319693111,-0.288909126964578,-0.134235381880791
441,0.440469050725779,0.940826539693099,0.449997001811304,0.394815838119197
442,0.531895414880333,1.07195869522286,0.541423365965858,0.525947993648959
443,0.249238776127985,0.763144141941757,0.25876672721351,0.217133440367855
444,0.0428175349904748,0.552585490977521,0.0523454860759998,0.00657478940361889
445,-0.292179668020102,0.474643936552989,-0.282651716934577,-0.0713667650209139
446,0.451954515914765,1.02330015333492,0.46148246700029,0.477289451761018
447,0.408067362796717,0.827438690283664,0.417595313882242,0.281427988709762
448,0.251072807730741,0.726981236016557,0.260600758816266,0.180970534442655
449,1.28626494922999,1.80748246728081,1.29579290031552,1.26147176570691
450,-0.647896528349862,-0.337223343278077,-0.638368577264337,-0.88323404485198
451,-0.251503956355034,0.667730127364307,-0.241976005269509,0.121719425790405
452,0.121677140180762,0.667544478925053,0.131205091266287,0.12153377735115
453,-0.591491041874619,-0.148161444090106,-0.581963090789094,-0.694172145664008
454,-0.316041421377994,0.475214440122581,-0.306513470292469,-0.0707962614513212
455,-0.661832172870655,0.0434007062869751,-0.65230422178513,-0.502609995286927
456,0.847220510251223,1.45748470435755,0.856748461336748,0.911474002783652
457,-0.297300108110457,0.419124443241199,-0.287772157024932,-0.126886258332704
458,0.209344408889672,0.61337980493137,0.218872359975197,0.0673691033574673
459,1.03058624161338,1.45274864335706,1.04011419269891,0.906737941783152
460,0.257172215087973,1.13962672640486,0.266700166173498,0.593616024830961
461,-0.335699693448243,0.147968874050833,-0.326171742362718,-0.398041827523069
462,0.347893022114424,0.748895477211103,0.357420973199949,0.202884775637201
463,0.0145463139218626,0.666217278217956,0.0240742650073876,0.120206576644053
464,-0.244805828994821,0.298252476725531,-0.235277877909296,-0.247758224848371
465,-0.926604324653862,-0.223675215278821,-0.917076373568337,-0.769685916852724
466,1.00252075456112,1.43170810017281,1.01204870564665,0.88569739859891
467,-0.339288960722642,0.310787948908825,-0.329761009637117,-0.235222752665077
468,-0.038198674701494,0.518168852895708,-0.028670723615969,-0.0278418486781942
469,-0.081999743670993,0.47669618577525,-0.072471792585468,-0.0693145157986522
470,-0.309079704138607,0.287780698169928,-0.299551753053082,-0.258230003403974
471,0.593658261411149,1.16382348712221,0.603186212496674,0.617812785548312
472,0.130505434457935,0.818961713365758,0.14003338554346,0.272951011791855
473,-0.640256064136439,-0.112151195435008,-0.630728113050914,-0.658161897008911
474,0.0732572340622938,0.846000844645045,0.0827851851478188,0.299990143071143
475,1.50722559655877,1.89685522874304,1.5167535476443,1.35084452716914
476,0.0740348861732067,0.838321256460756,0.0835628372587317,0.292310554886853
477,0.321030367531354,0.89357246764722,0.330558318616879,0.347561766073317
478,0.545416622852971,1.13029490388164,0.554944573938496,0.584284202307734
479,-0.281303205288679,0.145634438684069,-0.271775254203154,-0.400376262889834
480,0.532267116098374,1.01710568819001,0.541795067183899,0.471094986616105
481,0.981267949247238,1.77243613604783,0.990795900332763,1.22642543447393
482,0.123142039767073,0.657131316897198,0.132669990852598,0.111120615323295
483,0.602998028859945,1.10546104622314,0.61252597994547,0.559450344649239
484,-0.116694451707632,0.442544649460738,-0.107166500622107,-0.103466052113165
485,0.421118329748743,0.910009153129893,0.430646280834268,0.36399845155599
486,-0.781694963420684,-0.516608345130159,-0.772167012335159,-1.06261904670406
487,-0.448164890256005,0.218534934046409,-0.43863693917048,-0.327475767527493
488,0.213066019217632,0.532222026300278,0.222593970303157,-0.0137886752736242
489,0.292339972660872,0.813635436421978,0.301867923746397,0.267624734848076
490,0.721822272359463,1.28363542902827,0.731350223444988,0.737624727454364
491,0.209163219540824,0.766178180639916,0.218691170626349,0.220167479066014
492,0.736059025237987,1.24218330196437,0.745586976323512,0.696172600390472
493,0.871417135661991,1.48421561235213,0.880945086747516,0.938204910778226
494,0.719806868849782,1.28872551399722,0.729334819935307,0.742714812423316
495,0.584860026721034,1.08682746619122,0.594387977806559,0.540816764617321
496,0.37968585525642,0.984360383733456,0.389213806341945,0.438349682159554
497,-0.941330681683437,-0.512184898921321,-0.931802730597912,-1.05819560049522
498,-0.0777629751404507,0.498167564781353,-0.0682350240549257,-0.0478431367925498
499,-0.401413422121458,0.193875471711426,-0.391885471035933,-0.352135229862476
500,0.946252238633457,1.25716937518793,0.955780189718982,0.711158673614031
501,0.176006281867305,0.701660795982175,0.18553423295283,0.155650094408272
502,-0.151266494002107,0.228468843577101,-0.141738542916582,-0.317541857996801
503,-0.276169917163553,0.319951965585926,-0.266641966078028,-0.226058735987976
504,-0.225189627574689,0.342435789853488,-0.215661676489164,-0.203574911720415
505,0.466157008931242,0.950744566495082,0.475684960016767,0.404733864921179
506,-0.369421262797122,0.092930603232938,-0.359893311711597,-0.453080098340965
507,0.814515148605418,1.32302262955961,0.824043099690943,0.777011927985706
508,-0.700281872594711,-0.03341574384009,-0.690753921509186,-0.579426445413993
509,0.027192130563335,0.654881445562289,0.03672008164886,0.108870743988386
510,-1.15613681339028,-0.531357013504962,-1.14660886230476,-1.07736771507886
511,0.154009728289992,0.497271340589806,0.163537679375517,-0.0487393609840968
512,-0.731424214872327,-0.12166960286662,-0.721896263786802,-0.667680304440523
513,-0.352183916151812,0.240934207103219,-0.342655965066287,-0.305076494470684
514,-0.982059935694214,-0.322084159554015,-0.972531984608689,-0.868094861127918
515,0.321819911029747,0.771132788661463,0.331347862115272,0.225122087087561
516,-0.17707646435321,0.388380064710978,-0.167548513267685,-0.157630636862924
517,0.10801403301273,0.796808056287033,0.117541984098255,0.25079735471313
518,-0.404151256051578,0.131977035522893,-0.394623304966053,-0.414033666051009
519,-0.585816905307073,-0.141994162563202,-0.576288954221548,-0.688004864137104
520,-0.742910495692541,0.108380828126966,-0.733382544607016,-0.437629873446936
521,-0.389048729546165,0.249591025470302,-0.37952077846064,-0.2964196761036
522,-0.139169978944026,0.85934081234959,-0.129642027858501,0.313330110775687
523,-1.24176819652869,-0.665157055384886,-1.23224024544317,-1.21116775695879
524,-0.546490911024982,-0.0381163008375873,-0.536962959939457,-0.58412700241149
525,-0.760781463765484,-0.0458495664592924,-0.751253512679959,-0.591860268033195
526,-0.2270910525326,0.327112358353675,-0.217563101447075,-0.218898343220228
527,-0.905847201431749,-0.498956537285877,-0.896319250346224,-1.04496723885978
528,-0.141313784891419,0.422273530144694,-0.131785833805894,-0.123737171429209
529,0.821233321564577,1.50321104246978,0.830761272650102,0.957200340895874
530,-0.170194557227904,0.489098998971977,-0.160666606142379,-0.0569117026019257
531,0.263132198830999,1.15574354898927,0.272660149916524,0.609732847415368
532,-0.0172632994788032,0.707306250190494,-0.00773534839327816,0.161295548616591
533,-0.0911272366281232,0.480085256447921,-0.0815992855425982,-0.0659254451259813
534,-0.871211946405456,-0.400856108159488,-0.861683995319931,-0.94686680973339
535,0.638665782309292,1.22598110809452,0.648193733394817,0.679970406520621
536,0.93835002660941,1.1458521934483,0.947877977694935,0.599841491874398
537,0.481179687963981,1.05263617959932,0.490707639049506,0.506625478025418
538,-0.301019101675869,0.419551303366367,-0.291491150590344,-0.126459398207536
539,0.0969742476263865,0.708619470227411,0.106502198711912,0.162608768653509
540,-0.723339256941565,-0.0667421568689041,-0.71381130585604,-0.612752858442807
541,0.127626723313763,0.592600509210766,0.137154674399288,0.0465898076368638
542,-0.274296432460122,0.329163145862886,-0.264768481374597,-0.216847555711017
543,-0.597572597922952,-0.123036976743832,-0.588044646837427,-0.669047678317734
544,-0.104382761023676,0.279759641661786,-0.094854809938151,-0.266251059912116
545,0.347492274010071,0.997125714680478,0.357020225095596,0.451115013106576
546,0.641167129646763,1.21794602604804,0.650695080732288,0.671935324474139
547,-0.0826463008844652,0.431359437781308,-0.0731183497989402,-0.114651263792594
548,0.690692805250979,1.21320508101619,0.700220756336504,0.667194379442289
549,0.56000835512585,0.729519784340001,0.569536306211375,0.183509082766098
550,-0.222526500309008,0.385916734870777,-0.212998549223483,-0.160093966703125
551,-0.677426121109392,-0.204761038589173,-0.667898170023867,-0.750771740163075
552,-0.612768811459709,0.0935332950856567,-0.603240860374184,-0.452477406488246
553,0.562979924234319,1.17097232628073,0.572507875319844,0.624961624706832
554,0.312822933674004,1.1088461931783,0.322350884759529,0.5628354916044
555,-0.342873823710432,0.0772960686567221,-0.333345872624907,-0.46871463291718
556,-0.878097121953893,-0.255805135362322,-0.868569170868368,-0.801815836936225
557,-0.422248257176715,0.315339557156444,-0.41272030609119,-0.230671144417459
558,0.190833367267725,0.810123580202831,0.20036131835325,0.264112878628928
559,0.0748885339139612,0.62169809043867,0.0844164849994862,0.0756873888647679
560,-0.45769779651479,0.0946486653680876,-0.448169845429265,-0.451362036205815
561,0.228254754594293,0.75954340497424,0.237782705679818,0.213532703400337
562,-0.49425954372107,-0.00280128326262513,-0.484731592635545,-0.548811984836528
563,0.256678531783796,0.791316201883991,0.266206482869321,0.245305500310089
564,-0.437183877397745,0.303347830841163,-0.42765592631222,-0.242662870732739
565,-0.0781608795646205,0.797854502461398,-0.0686329284790955,0.251843800887496
566,0.795437406864377,1.22111416919079,0.804965357949902,0.675103467616883
567,-0.183748938234093,0.399662469600401,-0.174220987148568,-0.146348231973501
568,-0.316148959600177,0.263892730653981,-0.306621008514652,-0.282117970919922
569,0.607236029050987,1.04087329252435,0.616763980136512,0.494862590950452
570,-0.619916649097828,0.00357313509148919,-0.610388698012303,-0.542437566482413
571,0.0660636297462279,0.677922941761604,0.0755915808317529,0.131912240187701
572,1.15334280683971,1.68083970821342,1.16287075792524,1.13482900663952
573,0.423082215702661,1.10431087781265,0.432610166788186,0.558300176238749
574,-0.368816053899854,0.127771086658536,-0.359288102814329,-0.418239614915367
575,0.312153927730013,0.885763135033193,0.321681878815538,0.33975243345929
576,0.591112718481473,1.27483445198019,0.600640669566998,0.728823750406283
577,-0.123684826732201,0.18460837794766,-0.114156875646676,-0.361402323626243
578,0.134087865282798,0.613831196101493,0.143615816368323,0.0678204945275904
579,-0.56638511392616,-0.0386349804567997,-0.556857162840635,-0.584645682030702
580,0.52528387780677,1.070019358535,0.534811828892295,0.524008656961095
581,0.610895695672783,1.09748836904294,0.620423646758308,0.551477667469036
582,-0.723893076768995,0.148774621108139,-0.71436512568347,-0.397236080465764
583,-0.621169367733041,-0.109841809656417,-0.611641416647516,-0.65585251123032
584,-0.169629164043853,0.514842745104132,-0.160101212958328,-0.0311679564697708
585,-0.488120108374887,-0.0403123423809982,-0.478592157289362,-0.586323043954901
586,-0.337201117386281,0.265357438415127,-0.327673166300756,-0.280653263158775
587,-0.661611696153036,-0.0924083391745053,-0.652083745067511,-0.638419040748408
588,-0.431681629769517,0.075391984639258,-0.422153678683992,-0.470618716934644
589,0.800745220692182,1.31053006021356,0.810273171777707,0.764519358639656
590,-1.01060426361039,-0.564237985507889,-1.00107631252487,-1.11024868708179
591,-1.15571541356405,-0.541303814964502,-1.14618746247853,-1.0873145165384
592,0.176525533375603,1.01686890184036,0.186053484461128,0.470858200266459
593,0.289247255943387,0.671011911087327,0.298775207028912,0.125001209513424
594,-0.63295347935276,-0.044447658103149,-0.623425528267235,-0.590458359677051
595,0.640929438581091,1.11288282881434,0.650457389666616,0.566872127240439
596,-0.167591941421918,0.11108706575686,-0.158063990336393,-0.434923635817043
597,-0.922571105001992,-0.494177501251284,-0.913043153916467,-1.04018820282519
598,-0.353221962711946,0.360158765792611,-0.343694011626421,-0.185851935781291
599,-0.784083566693226,-0.539111209443773,-0.774555615607701,-1.08512191101768
600,-0.863467783679982,-0.52237335982404,-0.853939832594457,-1.06838406139794
601,0.0853788627299419,0.683578569104724,0.0949068138154669,0.137567867530821
602,0.382937310769482,0.919882208583889,0.392465261855007,0.373871507009986
603,-0.677703973408311,-0.0928243799795464,-0.668176022322786,-0.638835081553449
604,0.0111703222445664,0.686991076575773,0.0206982733300914,0.14098037500187
605,-0.0632855588905029,0.312049960927331,-0.0537576078049779,-0.233960740646572
606,0.721389858018244,0.977949419236686,0.730917809103769,0.431938717662784
607,-0.519633087240182,0.0491699080496756,-0.510105136154657,-0.496840793524227
608,-0.553371244751677,-0.0530753522897799,-0.543843293666152,-0.599086053863682
609,-0.687288318009337,-0.222902947743787,-0.677760366923812,-0.76891364931769
610,0.28386049629369,0.711956985361092,0.293388447379215,0.16594628378719
611,0.229531645119686,0.526440855455196,0.239059596205211,-0.0195698461187062
612,-0.32647289804037,0.608809720371936,-0.316944946954845,0.0627990187980337
613,-0.323669488884588,0.231655651844184,-0.314141537799063,-0.314355049729718
614,-0.568114709769784,-0.0716222021633838,-0.558586758684259,-0.617632903737286
615,0.135884367780204,0.589955489971688,0.145412318865729,0.0439447883977853
616,0.780863637130371,1.1825359566006,0.790391588215896,0.636525255026695
617,-0.225124251872676,0.391826321149432,-0.215596300787151,-0.15418438042447
618,0.477481478929536,0.764414311462787,0.487009430015061,0.218403609888885
619,-0.195397187215709,0.091634351724317,-0.185869236130184,-0.454376349849586
620,0.246940093623581,0.939200903171011,0.256468044709106,0.393190201597109
621,0.840950375976172,1.50958180036338,0.850478327061697,0.963571098789481
622,-0.229515575375806,0.222976618599436,-0.219987624290281,-0.323034082974467
623,0.573281401738104,1.22648932602871,0.582809352823629,0.680478624454808
624,-0.64045792107439,-0.141132186008068,-0.630929969988865,-0.68714288758197
625,0.315529528044633,0.896947498542621,0.325057479130158,0.350936796968719
626,-0.323197414091143,0.344131725533883,-0.313669463005618,-0.20187897604002
627,-0.100493241454807,0.668640237103767,-0.090965290369282,0.122629535529864
628,-0.0110551412031325,0.408224935622774,-0.00152719011760746,-0.137785765951129
629,0.128636730042289,0.675019890548036,0.138164681127814,0.129009188974133
630,0.453966899973489,0.972281286801126,0.463494851059014,0.426270585227224
631,-0.34110614022215,0.137220209172304,-0.331578189136625,-0.408790492401598
632,0.248523832183198,0.921276319088631,0.258051783268723,0.375265617514728
633,0.641551648903721,1.03761139161011,0.651079599989246,0.491600690036207
634,0.0370203949774753,0.782618989099887,0.0465483460630003,0.236608287525984
635,-0.917997889201655,-0.373564219506605,-0.90846993811613,-0.919574921080508
636,-0.830342796500983,-0.372551745061843,-0.820814845415458,-0.918562446635745
637,-0.662077429986571,-0.403197399762399,-0.652549478901046,-0.949208101336301
638,0.17073106596306,0.653242012930313,0.180259017048585,0.10723131135641
639,-1.02886795446059,-0.528975653266658,-1.01934000337507,-1.07498635484056
640,0.409982367019457,0.628707240800164,0.419510318104982,0.0826965392262615
641,0.135467391223474,0.760996691046679,0.144995342308999,0.214985989472777
642,0.599424119087497,1.05259426909313,0.608952070173022,0.506583567519229
643,0.297905177954822,1.16961172961792,0.307433129040347,0.623601028044014
644,-0.0357931630136002,0.441463619249404,-0.0262652119280752,-0.104547082324499
645,-0.371267516653178,0.210817151953451,-0.361739565567653,-0.335193549620451
646,-0.0449203932727232,0.769069060663699,-0.0353924421871982,0.223058359089797
647,-1.08507827309885,-0.598185079853572,-1.07555032201332,-1.14419578142747
648,0.703799345425452,1.33191985512806,0.713327296510977,0.785909153554157
649,0.250349456799637,0.814355584109588,0.259877407885162,0.268344882535685
650,0.712083316243439,1.40702491561184,0.721611267328964,0.861014214037938
651,0.903378746659493,1.46810728032243,0.912906697745018,0.922096578748528
652,-0.527120072433546,0.16036601427862,-0.517592121348021,-0.385644687295282
653,0.506500331709326,1.08554717357971,0.516028282794851,0.539536472005803
654,0.809215676478759,1.18048125358516,0.818743627564284,0.634470552011258
655,-0.13579997706957,0.516213567849973,-0.126272025984045,-0.0297971337239292
656,-0.21522417492244,0.484297401425346,-0.205696223836915,-0.0617133001485568
657,0.674418722430206,1.31816677869166,0.683946673515731,0.772156077117761
658,0.375589448310322,0.497741356040958,0.385117399395847,-0.0482693455329445
659,0.0372819354084911,0.583010287425294,0.0468098864940161,0.0369995858513917
660,-0.16284546608538,0.192236190542685,-0.153317514999855,-0.353774511031217
661,-0.234665747403946,0.107664714813039,-0.225137796318421,-0.438345986760863
662,-0.514191588250585,0.0985525180252736,-0.50466363716506,-0.447458183548629
663,0.347631758653457,0.689053502685694,0.357159709738982,0.143042801111791
664,-0.0653599869465761,0.374988339018558,-0.0558320358610511,-0.171022362555344
665,-0.49635056666674,0.272332220767891,-0.486822615581215,-0.273678480806011
666,0.503419834644318,1.30759791695939,0.512947785729843,0.761587215385483
667,-0.0907826555792431,0.575264044703027,-0.0812547044937181,0.0292533431291245
668,-0.411910311173228,0.0374803739791751,-0.402382360087703,-0.508530327594727
669,-0.0766033020996264,0.836948276614668,-0.0670753510141014,0.290937575040766
670,0.494968475002957,1.04984745189044,0.504496426088482,0.503836750316534
671,0.166526204178575,0.566696033960219,0.1760541552641,0.0206853323863162
672,-0.332364115273989,0.0266975588637719,-0.322836164188464,-0.519313142710131
673,0.253976059600311,0.911298999763986,0.263504010685836,0.365288298190083
674,0.298204155339813,0.954596555774114,0.307732106425338,0.408585854200211
675,0.0983937951245882,0.679042658943741,0.107921746210113,0.133031957369838
676,0.378460496678282,1.16718141371492,0.387988447763807,0.621170712141014
677,0.16801263549731,0.690963003257215,0.177540586582835,0.144952301683313
678,-0.0545959766681931,0.447554086816994,-0.0450680255826681,-0.0984566147569085
679,-0.435563225524379,0.288747467106293,-0.426035274438854,-0.257263234467609
680,-0.157706558024918,0.717611220661424,-0.148178606939393,0.171600519087522
681,0.0515965688221095,0.661625786455687,0.0611245199076345,0.115615084881784
682,-0.547405498116875,0.0272001648882037,-0.53787754703135,-0.518810536685699
683,0.795103195382249,1.37426173900691,0.804631146467774,0.828251037433008
684,0.241484822014812,0.806431577017125,0.251012773100337,0.260420875443222
685,-1.09088044458639,-0.248645707434059,-1.08135249350086,-0.794656409007961
686,-0.336739617858507,0.0711942130947954,-0.327211666772982,-0.474816488479107
687,-0.225900109755365,0.278025077077578,-0.21637215866984,-0.267985624496324
688,0.0114227964144666,0.229596992360863,0.0209507474999916,-0.31641370921304
689,0.429239846208642,0.931010062665156,0.438767797294167,0.384999361091254
690,-1.37762205847046,-0.423383984894284,-1.36809410738493,-0.969394686468186
691,0.0175396459003539,0.679101871092761,0.0270675969858789,0.133091169518858
692,0.164260886305426,0.72436164276611,0.173788837390951,0.178350941192207
693,-0.30577790557038,0.323886806305335,-0.296249954484855,-0.222123895268568
694,-0.210720699341667,0.467785980301186,-0.201192748256142,-0.0782247212727169
695,0.931780698734715,1.37689700460124,0.94130864982024,0.830886303027334
696,-0.43140162713769,0.0116215379228487,-0.421873676052165,-0.534389163651054
697,-0.214637641840493,0.207435065355505,-0.205109690754968,-0.338575636218398
698,-0.38101973711778,0.410085255071451,-0.371491786032255,-0.135925446502451
699,-0.955882149405872,-0.372660459752061,-0.946354198320347,-0.918671161325963
700,-1.18695093699271,-0.607072358057594,-1.17742298590719,-1.1530830596315
701,-0.601072500110197,0.0369007678684863,-0.591544549024672,-0.509109933705416
702,1.13042244749671,1.90191203497028,1.13995039858224,1.35590133339638
703,-0.229702839387878,0.529649163018133,-0.220174888302353,-0.0163615385557699
704,-0.0895969408447997,0.447351264719983,-0.0800689897592747,-0.0986594368539198
705,0.31742311508862,0.767691002715168,0.326951066174145,0.221680301141265
706,0.467355528827279,1.16003283212509,0.476883479912804,0.61402213055119
707,0.212358140764005,0.907487471015759,0.22188609184953,0.361476769441856
708,-0.625946979428032,0.102289251200805,-0.616419028342507,-0.443721450373098
709,-0.0584759432425751,0.453219220342647,-0.0489479921570501,-0.0927914812312555
710,0.927391318166473,1.53554782987368,0.936919269251998,0.989537128299777
711,0.113916629868807,0.639278662070741,0.123444580954332,0.0932679604968383
712,0.852420045829674,1.29189969503141,0.861947996915199,0.745888993457506
713,0.0146004701865786,0.357422482756185,0.0241284212721036,-0.188588218817717
714,-0.362423749296466,0.202813964579102,-0.352895798210941,-0.3431967369948
715,0.0484764888212581,0.732407756652411,0.0580044399067831,0.186397055078509
716,0.0264535266892219,0.522359241227589,0.0359814777747469,-0.0236514603463134
717,0.171444174163177,0.457793544347527,0.180972125248702,-0.0882171572263752
718,0.93725239992837,1.32325777069351,0.946780351013895,0.777247069119609
719,-0.692994749804621,-0.201002552029446,-0.683466798719096,-0.747013253603348
720,0.72461984266267,1.06499297037062,0.734147793748195,0.518982268796722
721,-0.0550256056823177,0.297395816661219,-0.0454976545967927,-0.248614884912683
722,0.568832150093006,0.700009971077972,0.578360101178531,0.15399926950407
723,0.253528556577518,0.676873962787221,0.263056507663043,0.130863261213319
724,-0.441768831746852,-0.107542342093719,-0.432240880661327,-0.653553043667621
725,-0.286827623997028,0.359466962532289,-0.277299672911503,-0.186543739041614
726,0.260714491187918,0.852981161999027,0.270242442273443,0.306970460425124
727,0.813843710798995,1.46325260584116,0.82337166188452,0.917241904267257
728,-0.450425819391368,0.24237622038474,-0.440897868305843,-0.303634481189163
729,0.495228840288168,1.04806820465424,0.504756791373693,0.502057503080334
730,0.380456152887036,1.29184316797373,0.389984103972561,0.745832466399825
731,0.309114801602513,0.84426148776746,0.318642752688038,0.298250786193558
732,0.366679431022597,0.950461485111672,0.376207382108122,0.40445078353777
733,0.117662010684673,1.02955095795709,0.127189961770198,0.483540256383187
734,0.578959835738707,1.22828380131857,0.588487786824232,0.682273099744663
735,0.294912132178256,0.800134678838454,0.304440083263781,0.254123977264551
736,0.437637511692805,1.06811718836563,0.44716546277833,0.522106486791724
737,-0.617772415554322,-0.487526611940328,-0.608244464468797,-1.03353731351423
738,-0.266997647432783,0.333965815048078,-0.257469696347258,-0.212044886525824
739,-0.509357052273494,0.215929050827377,-0.499829101187969,-0.330081650746526
740,0.366269139468756,0.847878557687457,0.375797090554281,0.301867856113555
741,-0.0425841595726345,0.511188238120743,-0.0330562084871095,-0.0348224634531599
742,0.768522165624539,1.48965368617069,0.778050116710064,0.943642984596785
743,-0.312140306638246,0.258169771739807,-0.302612355552721,-0.287840929834096
744,0.144103228372999,0.88390527078762,0.153631179458524,0.337894569213717
745,-0.200359035182704,0.286677607022675,-0.190831084097179,-0.259333094551227
746,0.29379866153957,1.02160461922867,0.303326612625095,0.475593917654766
747,0.129435855921437,0.42517062078879,0.138963807006962,-0.120840080785113
748,-0.418025669520476,0.039507839374735,-0.408497718434951,-0.506502862199167
749,0.4272798521303,0.963197850918422,0.436807803215825,0.417187149344519
750,-0.39376595252656,-0.181997464326108,-0.384238001441035,-0.72800816590001
751,0.404672650086294,0.937070988866089,0.414200601171819,0.391060287292187
752,0.490419131798476,0.934978468587588,0.499947082884001,0.388967767013686
753,0.565550884894122,0.920549298704334,0.575078835979647,0.374538597130432
754,0.095542788390793,0.625169730894252,0.105070739476318,0.0791590293203497
755,0.552210030440753,1.06195002095968,0.561737981526278,0.515939319385776
756,-0.222082339756121,0.0770041983646637,-0.212554388670596,-0.469006503209239
757,0.090840874739289,0.840642427066041,0.100368825824814,0.294631725492139
758,0.543949172527767,1.22036121797349,0.553477123613292,0.674350516399586
759,-0.116135720252724,0.4248990474884,-0.106607769167199,-0.121111654085502
760,0.459225732740869,0.929842498997213,0.468753683826394,0.38383179742331
761,0.921981417618034,1.57232993548388,0.931509368703559,1.02631923390998
762,-0.125356461474832,0.270634512274873,-0.115828510389307,-0.275376189299029
763,0.0192376983783353,0.465833233451687,0.0287656494638603,-0.0801774681222151
764,0.473286994277713,1.01112911888292,0.482814945363238,0.465118417309018
765,-0.203375785914012,0.301697976520292,-0.193847834828487,-0.244312725053611
766,-0.0122799637715919,0.282906217031901,-0.00275201268606686,-0.263104484542002
767,0.0897311098918675,0.788859172133906,0.0992590609773925,0.242848470560004
768,0.35993564911201,0.996356598036898,0.369463600197535,0.450345896462996
769,0.0112274118475754,0.677573412033178,0.0207553629331004,0.131562710459276
770,-0.0574763356315365,0.344563938825323,-0.0479483845460115,-0.201446762748579
771,-0.882063012521801,-0.394542382618934,-0.872535061436276,-0.940553084192836
772,-0.268969006392152,0.2537245625924,-0.259441055306627,-0.292286138981503
773,0.49549469852052,1.05364292692811,0.505022649606045,0.50763222535421
774,0.13083995872396,0.820481687990135,0.140367909809485,0.274470986416233
775,0.101423019669116,0.56685124729614,0.110950970754641,0.0208405457222371
776,-0.038454681024078,0.41157562638543,-0.028926729938553,-0.134435075188472
777,-1.1932710911273,-0.612508917106571,-1.18374314004177,-1.15851961868047
778,-0.273439496042877,0.300970011743787,-0.263911544957352,-0.245040689830115
779,-0.25433902026927,0.404892757865239,-0.244811069183745,-0.141117943708664
780,0.0959281775344276,0.456010407480298,0.105456128619953,-0.0900002940936047
781,0.706977560786189,1.24356706699984,0.716505511871714,0.697556365425936
782,-0.934509750115368,-0.298289778311879,-0.924981799029843,-0.844300479885781
783,0.305592422238311,0.878047227476649,0.315120373323836,0.332036525902746
784,-0.38520324170741,-0.234539445837219,-0.375675290621885,-0.780550147411121
785,-0.25924966051185,0.178398158417272,-0.249721709426325,-0.36761254315663
786,0.425766743704694,0.817491773564101,0.435294694790219,0.271481071990199
787,0.0526162155358089,0.62089467831653,0.0621441666213339,0.0748839767426278
788,-0.262720696457295,0.117540039307428,-0.25319274537177,-0.428470662266475
789,-0.614308917132788,0.0355489474197283,-0.604780966047263,-0.510461754154174
790,0.429427439779225,1.02906748831175,0.43895539086475,0.483056786737845
791,-0.436773399464056,0.154150610111919,-0.427245448378531,-0.391860091461983
792,-0.0855446482091081,0.794473663304105,-0.0760166971235831,0.248462961730202
793,-0.00728544180382149,0.24405723604179,0.00224250928170355,-0.301953465532113
794,0.462451236503664,1.14486041425487,0.471979187589189,0.598849712680971
795,-0.342207747544527,0.0985760557959924,-0.332679796459002,-0.44743464577791
796,-0.309233344266783,0.257899431021548,-0.299705393181258,-0.288111270552354
797,0.633969932760049,1.16332368215674,0.643497883845574,0.617312980582841
798,-0.661439797059152,-0.387707374140979,-0.651911845973627,-0.933718075714881
799,0.744140488922389,1.434254227777,0.753668440007914,0.888243526203102
800,-0.474668868558305,-0.0259862086214335,-0.46514091747278,-0.571996910195336
801,0.398083317292768,0.705652212991386,0.407611268378293,0.159641511417484
802,-0.176400816056939,0.556754185565244,-0.166872864971414,0.0107434839913418
803,0.0242333686810072,0.32805434563095,0.0337613197665322,-0.217956355942952
804,0.156209696322231,0.659190322971661,0.165737647407756,0.113179621397759
805,0.666667265565686,1.20120087342571,0.676195216651211,0.655190171851804
806,0.170067886407573,0.75108764999818,0.179595837493098,0.205076948424278
807,0.25517523199133,0.737368548969188,0.264703183076855,0.191357847395286
808,0.525780612499602,1.0803935522596,0.535308563585127,0.534382850685696
809,0.251545463056638,0.648475551283366,0.261073414142163,0.102464849709464
810,0.630382572899897,1.0907601371898,0.639910523985422,0.544749435615894
811,-0.0406589474250131,0.371003602891252,-0.0311309963394881,-0.175007098682651
812,-0.598778981786818,-0.0852338979334325,-0.589251030701293,-0.631244599507335
813,0.124232410290948,0.651587688900824,0.133760361376473,0.105576987326922
814,0.82536491891506,1.27113945712735,0.834892870000585,0.725128755553446
815,0.206688918833337,0.29188226620514,0.216216869918862,-0.254128435368762
816,-0.0686758163671252,0.422208080167302,-0.0591478652816002,-0.1238026214066
817,0.333017256054417,0.899913594906696,0.342545207139942,0.353902893332794
818,-0.372849845438879,0.210042323782528,-0.363321894353354,-0.335968377791375
819,-0.651264592364296,0.0356486534796196,-0.641736641278771,-0.510362048094283
820,0.38137279550164,0.76726841405337,0.390900746587165,0.221257712479468
821,0.197674353287103,0.911287656485973,0.207202304372628,0.365276954912071
822,-0.178403898246094,0.451764400618272,-0.168875947160569,-0.0942463009556308
823,-0.307677837372187,0.675440484869156,-0.298149886286662,0.129429783295254
824,0.293335737249859,0.847621405005429,0.302863688335384,0.301610703431527
825,-0.131160441767505,0.514351299123679,-0.12163249068198,-0.0316594024502237
826,-0.591230413714545,-0.0770596950762002,-0.58170246262902,-0.623070396650103
827,-0.695319128881795,-0.221389196077868,-0.68579117779627,-0.76739989765177
828,0.327705854251574,0.945705291346289,0.337233805337099,0.399694589772387
829,-0.69443489019097,-0.251828011960922,-0.684906939105445,-0.797838713534824
830,-0.076152234641464,0.424898126372019,-0.066624283555939,-0.121112575201883
831,0.594978170402145,1.18973889142011,0.60450612148767,0.64372818984621
832,-0.546146271311477,-0.195958345208492,-0.536618320225952,-0.741969046782394
833,0.891942470344364,1.5027889077921,0.901470421429889,0.9567782062182
834,0.117286349327911,0.48166611435555,0.126814300413436,-0.0643445872183526
835,-0.0822361312610194,0.349710184935733,-0.0727081801754944,-0.19630051663817
836,0.106974908709303,0.474695563636099,0.116502859794828,-0.071315137937803
837,-0.0528746650970956,0.579067234055705,-0.0433467140115706,0.0330565324818027
838,0.32092030805898,0.964713102012424,0.330448259144505,0.418702400438522
839,-0.0370697031475177,0.594107362523655,-0.0275417520619927,0.0480966609497522
840,0.592117771106968,1.23887761395316,0.601645722192493,0.692866912379254
841,-0.00111948642416337,0.419914342203143,0.00840846466136167,-0.12609635937076
842,-0.449721296868501,0.133322438324909,-0.440193345782976,-0.412688263248994
843,0.209069571234292,0.747765207152924,0.218597522319817,0.201754505579021
844,0.68156275415037,1.07079343242009,0.691090705235895,0.524782730846188
845,0.294862037638823,0.871198220208266,0.304389988724348,0.325187518634363
846,0.631400448849489,1.4660166976561,0.640928399935014,0.920005996082197
847,-0.396314883405963,0.141297976012417,-0.386786932320438,-0.404712725561486
848,0.0555282432444023,0.717314490718761,0.0650561943299273,0.171303789144858
849,0.272954883286668,0.882911046280822,0.282482834372193,0.33690034470692
850,0.412912176629668,0.821717973413779,0.422440127715193,0.275707271839877
851,0.334100594645247,0.989312362501007,0.343628545730772,0.443301660927105
852,0.121437325845792,0.494463020961335,0.130965276931317,-0.0515476806125676
853,-0.327826259123684,0.275162860459985,-0.318298308038159,-0.270847841113918
854,-0.0428191336996338,0.478668257928717,-0.0332911826141088,-0.0673424436451852
855,0.0797916322114933,0.81849511278672,0.0893195832970183,0.272484411212818
856,0.405218823939288,0.939335495990274,0.414746775024813,0.393324794416371
857,-0.997034980298903,-0.537430309991965,-0.987507029213378,-1.08344101156587
858,-0.569604308765702,-0.0350958161471835,-0.560076357680177,-0.581106517721086
859,0.374171458433418,1.13838160518678,0.383699409518943,0.592370903612874
860,-0.287921858428787,0.234063267824159,-0.278393907343262,-0.311947433749744
861,-0.534785454491051,0.135454606686311,-0.525257503405526,-0.410556094887591
862,-0.575073429062166,0.112837451526015,-0.565545477976641,-0.433173250047887
863,-0.512471164329806,-0.116286596201038,-0.502943213244281,-0.662297297774941
864,-0.493740663849748,0.162967064209337,-0.484212712764223,-0.383043637364565
865,-0.693460058258303,-0.388982265039469,-0.683932107172778,-0.934992966613371
866,0.0259472267125628,0.681804508717893,0.0354751777980878,0.13579380714399
867,-0.235853955953334,0.136424768262243,-0.226326004867809,-0.409585933311659
868,-0.574805720760923,-0.059705215313117,-0.565277769675398,-0.60571591688702
869,-0.19023898578315,0.432922010304428,-0.180711034697625,-0.113088691269475
870,0.142191805249474,0.411886356961504,0.151719756334999,-0.134124344612398
871,-0.598625846682836,-0.0668105985494998,-0.589097895597311,-0.612821300123402
872,-0.362844128044208,0.239245260877252,-0.353316176958683,-0.30676544069665
873,-0.263299028849429,0.373759126992868,-0.253771077763904,-0.172251574581034
874,-0.380877789845114,0.0975284023599101,-0.371349838759589,-0.448482299213992
875,-0.615774119235348,-0.0514012331632629,-0.606246168149823,-0.597411934737165
876,0.237944988921428,0.870075731857274,0.247472940006953,0.324065030283372
877,0.508626411773552,1.0004067528021,0.518154362859077,0.454396051228193
878,-0.613604461448496,0.0205543369543942,-0.604076510362971,-0.525456364619508
879,-0.286487904222784,0.401564462770229,-0.276959953137259,-0.144446238803674
880,-0.286031283801576,0.265158972431621,-0.276503332716051,-0.280851729142282
881,0.223118794453465,1.02155856639574,0.23264674553899,0.475547864821842
882,-0.109994877785656,0.383345253163901,-0.100466926700131,-0.162665448410001
883,-0.149668436876731,0.633163844361111,-0.140140485791206,0.0871531427872084
884,-1.07406062829534,-0.458463223966922,-1.06453267720981,-1.00447392554082
885,-0.278943643195872,0.566700463526272,-0.269415692110347,0.0206897619523699
886,-0.663440166719233,-0.110541282245997,-0.653912215633708,-0.656551983819899
887,0.143332148938953,0.408261449098279,0.152860100024478,-0.137749252475623
888,-0.0201719085047346,0.458510557777925,-0.0106439574192096,-0.0875001437959771
889,-0.299228827493716,0.186986517347739,-0.289700876408191,-0.359024184226164
890,0.397358568275325,1.02170697385664,0.40688651936085,0.47569627228274
891,-1.32900715652973,-0.866101414307135,-1.3194792054442,-1.41211211588104
892,-0.217157668202422,0.526687145170498,-0.207629717116897,-0.0193235564034047
893,0.331088866253124,0.733037804094614,0.340616817338649,0.187027102520711
894,-0.0418563743031794,0.334645173102264,-0.0323284232176544,-0.211365528471638
895,0.225515794161279,0.929413355423196,0.235043745246804,0.383402653849294
896,0.461345986917363,0.874555488171784,0.470873938002888,0.328544786597882
897,0.354272625526089,1.01374984362898,0.363800576611614,0.467739142055073
898,0.289810788306957,0.88538722111611,0.299338739392482,0.339376519542208
899,0.314691444302893,0.808841318107189,0.324219395388418,0.262830616533286
900,-1.00323539607986,-0.357860366452331,-0.993707444994335,-0.903871068026234
901,0.0428210194708915,0.477396079760365,0.0523489705564165,-0.0686146218135375
902,0.142053535282723,0.753510252700462,0.151581486368248,0.207499551126559
903,-0.0345547503982475,0.468219211605586,-0.0250267993127225,-0.0777914899683168
904,-0.927008476118255,-0.287095069655348,-0.91748052503273,-0.83310577122925
905,-0.483307877004301,0.102005278712951,-0.473779925918776,-0.444005422860952
906,-0.411114009781866,0.119266140321535,-0.401586058696341,-0.426744561252368
907,0.486897197969346,1.01411876749816,0.496425149054871,0.468108065924262
908,-0.0988301166224574,0.363088978729552,-0.0893021655369324,-0.18292172284435
909,0.395748255861225,1.01215684443397,0.40527620694675,0.46614614286007
910,0.0944946106354735,0.770374822896481,0.104022561720999,0.224364121322579
911,-0.452654889182386,0.20775021852573,-0.443126938096861,-0.338260483048173
912,-0.138337357813062,0.417745092366605,-0.128809406727537,-0.128265609207297
913,0.146546022688917,0.747376597635015,0.156073973774442,0.201365896061113
914,-0.46723182737667,-0.071405046110388,-0.457703876291145,-0.61741574768429
915,0.231454414163799,1.07458979476279,0.240982365249324,0.528579093188887
916,0.536282850873861,1.02759036635688,0.545810801959386,0.481579664782976
917,0.726191070033057,1.40348594787773,0.735719021118582,0.857475246303824
918,1.00061209612868,1.51167517785146,1.01014004721421,0.965664476277562
919,-0.404671034124449,0.236592103306912,-0.395143083038924,-0.309418598266991
920,-0.299038001084246,0.139146281379242,-0.289510049998721,-0.40686442019466
921,-0.323208769505119,0.11095149019258,-0.313680818419594,-0.435059211381322
922,-0.403558844244767,-0.0104426145440617,-0.394030893159242,-0.556453316117964
923,0.302264477168618,0.930211871230519,0.311792428254143,0.384201169656617
924,-0.925114108109646,-0.631764420031707,-0.915586157024121,-1.17777512160561
925,0.703238843055437,1.24863256895314,0.712766794140962,0.702621867379238
926,-0.727506310380978,-0.208367181018152,-0.717978359295453,-0.754377882592054
927,-0.672953520881022,0.157701159535585,-0.663425569795497,-0.388309542038317
928,0.0453862562267674,0.385565552355215,0.0549142073122924,-0.160445149218688
929,-0.375028864234183,0.353627828141059,-0.365500913148658,-0.192382873432844
930,-0.389976958480742,0.225745283851791,-0.380449007395217,-0.320265417722111
931,0.256061610115479,0.910114644132841,0.265589561201004,0.364103942558939
932,-0.0623413464042241,0.337789329894784,-0.0528133953186991,-0.208221371679119
933,0.476152412631484,1.03500818122041,0.485680363717009,0.48899747964651
934,0.102622470207103,0.533744408507597,0.112150421292628,-0.012266293066305
935,-0.035901333043938,0.39491978284625,-0.026373381958413,-0.151090918727652
936,0.473325803172748,0.729679214191187,0.482853754258273,0.183668512617285
937,1.08655297612131,1.57498659350857,1.09608092720684,1.02897589193466
938,-0.315828852587237,0.345191536274183,-0.306300901501712,-0.200819165299719
939,-0.0126649745565852,0.807242376709181,-0.00313702347106016,0.261231675135278
940,0.401559144923965,1.03077735160442,0.41108709600949,0.484766650030517
941,-0.0237509000702634,0.372163856950195,-0.0142229489847384,-0.173846844623707
942,0.256548870471269,0.861087811380713,0.266076821556794,0.315077109806811
943,0.926593835432999,1.27989135478567,0.936121786518524,0.733880653211763
944,0.734295210165852,1.37649371727238,0.743823161251377,0.830483015698474
945,-0.0609921773421325,0.651967294442318,-0.0514642262566075,0.105956592868415
946,0.339132193128839,0.945295997543901,0.348660144214364,0.399285295969999
947,0.305732639114118,0.963208205735471,0.315260590199643,0.417197504161568
948,-0.0788183898298653,0.407328757169983,-0.0692904387443403,-0.13868194440392
949,-0.575657887002515,0.0857666103379685,-0.56612993591699,-0.460244091235934
950,-0.20901576120425,0.133611415415015,-0.199487810118725,-0.412399286158887
951,0.18240097051848,0.582570784078965,0.191928921604005,0.0365600825050626
952,0.363895562539492,0.849106069562398,0.373423513625017,0.303095367988496
953,-0.207615551025342,0.62340674619908,-0.198087599939817,0.0773960446251777
954,-0.111517525263993,0.468912282226077,-0.101989574178468,-0.0770984193478255
955,-0.246584756809445,0.0588965720800599,-0.23705680572392,-0.487114129493843
956,-0.877274591554104,-0.352590895378429,-0.867746640468579,-0.898601596952331
957,-0.441341111045077,0.244306737829971,-0.431813159959552,-0.301703963743931
958,0.0913061249750856,0.610281419200335,0.100834076060611,0.0642707176264326
959,-0.144322377945184,0.454032191121549,-0.134794426859659,-0.0919785104523537
960,-0.203073436631441,0.474710347948547,-0.193545485545916,-0.0713003536253556
961,-0.24666174803248,0.501611135402499,-0.237133796946955,-0.0443995661714036
962,-0.555895436490506,-0.00440271687343295,-0.546367485404981,-0.550413418447335
963,0.444439793397616,1.0379306460555,0.453967744483141,0.491919944481598
964,0.142919603918269,0.653881263806818,0.152447555003794,0.107870562232916
965,-0.704833582107041,-0.179881804423135,-0.695305631021516,-0.725892505997037
966,-0.457954203161054,0.186592824152889,-0.448426252075529,-0.359417877421013
967,0.117832380103079,0.549974752114784,0.127360331188604,0.00396405054088156
968,-0.367272436631595,0.239426407666785,-0.35774448554607,-0.306584293907117
969,-0.261904028644885,0.170369412966571,-0.25237607755936,-0.375641288607332
970,0.00037973999451571,0.524739838567757,0.00990769108004075,-0.0212708630061454
971,0.245010004710693,0.688674926724416,0.254537955796218,0.142664225150514
972,0.10432111306523,0.646583359572878,0.113849064150755,0.100572657998975
973,0.531340514644529,1.2454187167906,0.540868465730054,0.699408015216693
974,-0.191428607961127,0.113550714131928,-0.181900656875602,-0.432459987441974
975,-0.59192097582996,-0.0282169992152589,-0.582393024744435,-0.574227700789161
976,0.173612024920523,0.772826861138551,0.183139976006048,0.226816159564649
977,-0.125981102899674,0.620969532323414,-0.116453151814149,0.0749588307495112
978,-0.24629008499415,0.367257024404413,-0.236762133908625,-0.17875367716949
979,-0.0795139139582677,0.833454091199434,-0.0699859628727427,0.287443389625531
980,1.37851846457359,1.93426492370035,1.38804641565912,1.38825422212645
981,-1.0262232729137,-0.377515260328503,-1.01669532182817,-0.923525961902406
982,0.0278287080272808,0.343675827529424,0.0373566591128058,-0.202334874044479
983,-0.174702226051927,0.391798633683989,-0.165174274966402,-0.154212067889913
984,-0.330056863682266,0.437712221401971,-0.320528912596741,-0.108298480171932
985,-0.0308319724336151,0.313915007050659,-0.0213040213480901,-0.232095694523244
986,-0.365187851468693,0.282447930879534,-0.355659900383168,-0.263562770694368
987,-0.802190916436023,-0.255448786572157,-0.792662965350498,-0.80145948814606
988,-0.731651392457667,-0.13730913369922,-0.722123441372142,-0.683319835273123
989,0.0205837367442486,0.312826994838379,0.0301116878297736,-0.233183706735524
990,0.786187000384492,1.33201850439931,0.795714951470017,0.786007802825412
991,-0.158756390739288,0.256857530898485,-0.149228439653763,-0.289153170675418
992,0.369750059026803,0.913645701631986,0.379278010112328,0.367635000058083
993,0.206613106004917,0.781742317961944,0.216141057090442,0.235731616388042
994,-0.152378160215579,0.327513984426018,-0.142850209130054,-0.218496717147885
995,0.833922817985082,1.46092817418195,0.843450769070607,0.914917472608044
996,0.553726605749344,1.21976619150707,0.563254556834869,0.673755489933167
997,-0.179123833703732,0.308679293824189,-0.169595882618207,-0.237331407749714
998,0.470160887931226,1.21865995796661,0.479688839016751,0.672649256392707
999,0.102638892448174,0.697294989551731,0.112166843533699,0.151284287977828
