j,psi,blm_firm_type
0,-0.41814837018148,3
1,-0.110286496514231,9
2,-1.05175738361197,5
3,-0.833903771511327,0
4,-0.548981428986506,2
5,-0.83281060311074,3
6,-0.0247503144612612,8
7,0.779651463123096,4
8,-0.202311970022416,2
9,0.393013049854174,9
10,0.369564581240283,1
11,0.518552695513846,6
12,-0.566854711560217,3
13,-0.602654907085076,7
14,0.834352860054381,4
15,0.768078966475773,4
16,-0.0484666773526943,7
17,0.0663868446202338,2
18,-0.263120329367906,2
19,-0.632138578971698,5
20,0.392625776515222,1
21,-0.744339618353948,5
22,-0.212228460264459,8
23,-0.683416550685872,3
24,0.404378872107226,4
25,-0.929092836921702,0
26,-0.522033349630082,5
27,0.0690652752495962,9
28,0.402472426079357,1
29,-0.970440792927081,5
30,0.824882968970494,6
31,0.678001858986961,1
32,0.411508557084285,6
33,0.157783353970333,9
34,-0.172412791065773,8
35,0.0197245707266029,9
36,-0.266341678274648,8
37,-0.078209693894614,2
38,0.627320695579756,4
39,-0.248547042016421,7
40,-0.343926145540147,8
41,0.341483988315822,9
42,-0.709476722521883,5
43,0.00515493613084607,9
44,0.413628782604703,4
45,0.327010608815947,2
46,0.0641354162317613,2
47,0.104418849574601,8
48,0.115549891513942,2
49,0.141965080733145,1
50,0.26811051948065,4
51,-0.324374999014396,3
52,-1.23306626457352,0
53,-0.671366778627808,5
54,0.0209959747927147,9
55,-0.112751520406385,8
56,0.885827747297067,4
57,-0.583129756572855,5
58,-0.310551410258427,7
59,-0.722165403836203,5
60,0.0481781486513085,2
61,-0.227397526620145,7
62,0.126705681875236,9
63,0.883418552225007,6
64,-0.171927836911859,8
65,-0.0454898954126766,8
66,-0.00168612943321934,7
67,0.996943439921749,6
68,-0.335094378400812,8
69,0.494444102927059,1
70,0.271617334623365,2
71,0.139595305499866,9
72,0.164939413666707,7
73,0.846375967520813,1
74,0.84305231578362,6
75,0.452333544799483,1
76,-1.12631722228663,5
77,0.181663140234814,9
78,0.188144638123719,1
79,0.213239942310475,9
80,0.00527896545475446,2
81,0.25948205755519,9
82,0.75256052626469,4
83,0.0106251041076415,2
84,0.219344267096889,9
85,-0.543301154361419,8
86,0.0134895906181255,2
87,0.350204436222438,1
88,0.52562132088723,1
89,-0.0925833253296206,2
90,-0.010504149955348,3
91,-1.06487068349381,5
92,0.639966506598666,4
93,0.391569768269491,9
94,-0.0752510151327278,1
95,0.285308429202821,4
96,0.160325841686039,9
97,0.0773971519053886,9
98,0.904678665120712,6
99,-0.634765797899161,3
100,-0.408525120689992,3
101,0.215203973850161,6
102,0.0469880469265191,8
103,-0.32604107969833,7
104,0.504334187646597,4
105,0.358171661886031,9
106,0.594266596102187,6
107,-0.492957498329897,3
108,-0.962454140096647,5
109,-0.00478748331649327,8
110,-0.174578762201825,7
111,-0.990459994831429,5
112,-0.48894916819929,7
113,-0.0737774133025709,8
114,-1.0183187369883,5
115,-1.01201364518005,5
116,0.450992166778047,4
117,-0.600198738156266,5
118,-0.437749020712978,8
119,0.17218544430982,1
120,-0.668979329416004,7
121,-0.4056595645027,3
122,0.409686362922507,9
123,-0.383022790538114,8
124,0.406347910196696,9
125,-1.32485004167215,5
126,-0.701471868191673,0
127,0.405274257198556,2
128,0.291231722391714,9
129,0.00103778277913307,9
130,-0.190424466008048,8
131,-0.226439174534211,8
132,-0.0059569096753347,2
133,0.656582953061655,6
134,-0.227138032429659,7
135,0.663757679265644,4
136,-0.976118961693366,0
137,0.0567689602720744,9
138,0.97317653445804,6
139,0.25880186443384,1
140,-0.744708039813376,5
141,0.693194802831818,6
142,-0.483280283482613,5
143,0.0767377500748686,2
144,0.557547849203112,6
145,-0.403847698511329,5
146,-0.0912732991143429,2
147,-0.655636296345473,5
148,0.421369198891991,9
149,0.076295264493462,9
150,0.217572384817066,2
151,-0.395914380714417,8
152,-0.357451628805958,8
153,-0.150096423377769,9
154,-0.173076149594613,8
155,-0.173428474790325,9
156,-0.268016721660846,8
157,0.205333519208887,1
158,-0.219663160904696,8
159,-0.322988693601586,7
160,-0.763918937976516,5
161,0.61371402185206,4
162,-1.0321492261225,0
163,-0.122523208153981,2
164,-0.178661954892664,9
165,0.188716831868813,1
166,-0.42711208048262,2
167,-0.198743445675248,8
168,0.602093307464703,1
169,-0.34627906685805,5
170,-0.932142132172588,0
171,0.744468648440639,6
172,0.220663512684922,9
173,-0.280825754120429,5
174,-0.476775540745471,5
175,-1.24732126503976,0
176,0.473966926866136,9
177,-0.261440351629428,2
178,-1.06193104597992,0
179,0.125857246040929,9
180,0.264349463315212,1
181,0.0231602879684078,8
182,0.183816399031896,1
183,-0.0216424470000918,2
184,0.55920396625891,6
185,0.186352975815346,1
186,0.398586025482201,1
187,-0.221905749085498,8
188,-0.296537243648261,8
189,0.493408023931291,4
190,0.0964113165476908,9
191,-0.0965941399771105,2
192,0.199525308188478,2
193,-0.287718086747803,9
194,0.699040492993218,6
195,-0.659439753604147,5
196,0.0628257969495909,8
197,0.128709208540329,1
198,0.426036058023838,4
199,0.457318189811199,4
200,-0.073619195165364,8
201,-0.571992525699067,7
202,0.197057770669049,2
203,0.436693795956889,9
204,0.16234896388153,9
205,-0.389253930892612,8
206,0.0280975136700362,2
207,-0.805556036729699,0
208,0.00460784251467183,2
209,-0.0343292766836851,2
210,0.3690494636152,9
211,-0.329039878937835,3
212,-1.22285766150373,0
213,0.146542370764831,9
214,-0.487371196623718,7
215,0.231650487736204,9
216,-0.394549577478468,8
217,-0.533559681926788,7
218,-0.123744022420312,2
219,-0.815288489378081,0
220,-0.343475472470289,8
221,-0.0436870877513591,8
222,-0.376842293409572,7
223,0.150334316584382,8
224,-0.084033175793185,2
225,-0.283346333855435,2
226,0.548948429218617,9
227,-0.229910200695241,7
228,-0.113762114004877,8
229,0.224723768957726,1
230,0.566053154837461,4
231,-0.826825903822312,5
232,-0.550706448252744,5
233,-0.459578048883352,2
234,0.152644652798937,2
235,-0.0583611558733546,8
236,0.568335396105952,1
237,-0.598078346982692,5
238,-0.0513570951110105,8
239,0.155622755531413,2
240,-1.01712484177002,0
241,-0.320121901316817,9
242,0.913365445785541,4
243,-0.133102787523658,8
244,-0.212890908378476,9
245,0.494282386926533,1
246,0.405037259420758,9
247,0.39127875007097,1
248,0.0880679942766391,2
249,-0.149885188403711,7
250,0.304497999616737,4
251,0.197330086946086,9
252,0.281223580795868,9
253,0.658235889444152,1
254,-0.248534798337078,7
255,-0.851280545980636,0
256,-1.09745213858495,5
257,0.738959912395377,6
258,-0.157551877132711,7
259,-0.44081440240345,5
260,-0.553465592330836,7
261,-0.465337445219698,3
262,-0.0699043452232419,8
263,-0.253130527792918,8
264,-0.512673600460274,8
265,-0.105934144299052,2
266,0.313334023705327,4
267,-0.788315145432204,0
268,1.24318885243166,6
269,-0.0390224317104084,2
270,0.434931127611122,9
271,0.0104292545831385,8
272,0.499369946920751,1
273,0.541003168612106,6
274,0.985965988561169,6
275,-0.421677022447294,7
276,1.06483426884597,6
277,0.00102051916579039,9
278,-0.177302213395718,8
279,-1.48544118062955,0
280,-0.991887212016997,0
281,-0.143428957373898,2
282,0.262971313204695,4
283,-0.286277058221738,5
284,-0.162158138833604,2
285,-0.506416218413942,7
286,0.893926501999446,4
287,-0.538171605108369,3
288,0.235915411517782,4
289,0.0911606578345781,8
290,0.038127618315084,9
291,0.193974654234949,9
292,-0.216593073221085,9
293,0.13684253794772,9
294,0.719344211188655,4
295,-0.128203770565416,7
296,0.630116196177748,4
297,-0.230898959292882,8
298,-0.0664131989349691,2
299,0.0172351710896311,9
300,-0.197584929689415,2
301,-0.154499577191578,8
302,0.15379939636624,1
303,-0.941978704317813,5
304,0.913242038148433,6
305,-0.088982501668284,8
306,0.182072703874825,9
307,0.193649098811191,9
308,0.414459425525615,4
309,-0.701449026206123,2
310,0.0417330293348273,9
311,0.302977765837356,1
312,0.250524705859024,1
313,0.0504815666351556,4
314,-0.5504318600935,5
315,-0.141048867094792,8
316,-1.20563947341765,0
317,-0.00103775268145969,8
318,0.254012315892501,2
319,-0.263284081124377,7
320,0.721018426953215,4
321,-0.343713808055748,3
322,-0.0105938442077742,2
323,0.606978363909363,1
324,0.0500856558820349,9
325,-1.09816911933536,0
326,0.00975719280271686,8
327,0.0774283083219715,8
328,-0.215405211709839,1
329,0.106197246086497,1
330,0.529253062320354,1
331,0.0533280423240262,8
332,-0.476474054442137,7
333,0.701156672366746,1
334,0.98957303954867,4
335,0.450732888854054,9
336,0.271652456990233,4
337,-0.115200495902869,1
338,-0.62491040457145,0
339,0.0709213573303861,8
340,-0.616044597154406,7
341,0.31282073624207,4
342,0.476491668609304,2
343,0.422247577544242,9
344,0.334254809956742,1
345,0.0782288159931284,1
346,0.301770606660121,2
347,0.807175990964927,6
348,0.0244077009029063,2
349,0.889802718262442,6
350,-0.126495628491376,3
351,0.863048130876048,6
352,0.0786132679147119,8
353,0.368264518881159,1
354,-0.221776655415738,5
355,-0.494353245008882,7
356,-0.209335535707785,8
357,0.175131342164596,9
358,-0.264854491867268,7
359,0.687817560876235,4
360,0.528493515552406,4
361,0.303558110490104,2
362,-0.214810640917557,8
363,0.16962179000328,8
364,-0.100274681038555,9
365,0.827996803197391,4
366,-0.347896652461422,3
367,0.10490848457761,9
368,-0.320653805534184,2
369,0.244065714143905,4
370,1.45997052170481,6
371,0.127039570954437,9
372,0.0963671268647615,2
373,0.21769581083559,1
374,-0.0473596167968306,9
375,0.791816888184758,1
376,-0.0453803467202451,2
377,-0.0726315087261554,9
378,0.228025383435924,1
379,0.0317711689095088,9
380,-0.192967119717263,3
381,-0.492808405093231,8
382,0.552870146074092,9
383,0.267954171824306,9
384,-0.364933265664914,8
385,0.244406798212316,9
386,-0.360566848886869,8
387,0.29973509080715,9
388,-0.173160118738753,9
389,-0.139681241487853,8
390,0.162759078982634,1
391,-0.459481256692918,3
392,0.555741523210022,4
393,0.223235027068861,9
394,-0.217831042681962,8
395,0.96118316424717,6
396,-0.490108176556567,8
397,0.933951141342381,6
398,0.377387042043399,1
399,-0.275549912689671,7
400,-0.0193763760088288,8
401,-0.292264524291642,7
402,0.644633843520935,1
403,0.150526694108221,1
404,0.276937414896845,9
405,1.03181345912644,6
406,-1.18038363494964,0
407,-0.346655267200779,7
408,0.32354608066295,9
409,-0.568368804712416,7
410,0.970912091801074,6
411,0.284707714064736,4
412,0.750637973196922,4
413,0.182078868178111,9
414,-0.535023441918427,5
415,0.229590721059453,9
416,-0.614905466424771,7
417,0.695496955697381,4
418,0.657910677576446,1
419,0.810840083354293,6
420,0.268793681986541,1
421,0.316767103836101,4
422,-0.624768146646514,3
423,0.132235883484854,8
424,0.579839279593816,4
425,-0.712617897266536,5
426,0.244112221030519,1
427,-0.941771752345613,8
428,0.761302331650517,1
429,-0.364645756768416,5
430,0.274311962719024,9
431,-0.391921131444417,2
432,-0.00421554201935248,2
433,-0.822209291151897,7
434,-1.29738963176937,0
435,0.468951305648367,1
436,0.234434900789853,1
437,0.579370858241724,1
438,0.503113488085381,6
439,-0.170376229784823,2
440,-0.298437078050103,3
441,0.440469050725779,6
442,0.531895414880333,1
443,0.249238776127985,4
444,0.0428175349904748,9
445,-0.292179668020102,2
446,0.451954515914765,4
447,0.408067362796717,1
448,0.251072807730741,2
449,1.28626494922999,6
450,-0.647896528349862,0
451,-0.251503956355034,3
452,0.121677140180762,2
453,-0.591491041874619,5
454,-0.316041421377994,7
455,-0.661832172870655,5
456,0.847220510251223,4
457,-0.297300108110457,8
458,0.209344408889672,2
459,1.03058624161338,6
460,0.257172215087973,4
461,-0.335699693448243,2
462,0.347893022114424,9
463,0.0145463139218626,2
464,-0.244805828994821,8
465,-0.926604324653862,5
466,1.00252075456112,6
467,-0.339288960722642,8
468,-0.038198674701494,9
469,-0.081999743670993,8
470,-0.309079704138607,2
471,0.593658261411149,4
472,0.130505434457935,1
473,-0.640256064136439,5
474,0.0732572340622938,2
475,1.50722559655877,6
476,0.0740348861732067,2
477,0.321030367531354,4
478,0.545416622852971,4
479,-0.281303205288679,8
480,0.532267116098374,4
481,0.981267949247238,6
482,0.123142039767073,8
483,0.602998028859945,4
484,-0.116694451707632,1
485,0.421118329748743,9
486,-0.781694963420684,5
487,-0.448164890256005,8
488,0.213066019217632,9
489,0.292339972660872,1
490,0.721822272359463,4
491,0.209163219540824,1
492,0.736059025237987,9
493,0.871417135661991,4
494,0.719806868849782,4
495,0.584860026721034,4
496,0.37968585525642,1
497,-0.941330681683437,5
498,-0.0777629751404507,2
499,-0.401413422121458,7
500,0.946252238633457,6
501,0.176006281867305,9
502,-0.151266494002107,7
503,-0.276169917163553,8
504,-0.225189627574689,3
505,0.466157008931242,1
506,-0.369421262797122,8
507,0.814515148605418,6
508,-0.700281872594711,7
509,0.027192130563335,1
510,-1.15613681339028,5
511,0.154009728289992,2
512,-0.731424214872327,7
513,-0.352183916151812,2
514,-0.982059935694214,5
515,0.321819911029747,1
516,-0.17707646435321,9
517,0.10801403301273,2
518,-0.404151256051578,2
519,-0.585816905307073,3
520,-0.742910495692541,7
521,-0.389048729546165,9
522,-0.139169978944026,2
523,-1.24176819652869,5
524,-0.546490911024982,7
525,-0.760781463765484,5
526,-0.2270910525326,2
527,-0.905847201431749,0
528,-0.141313784891419,9
529,0.821233321564577,4
530,-0.170194557227904,9
531,0.263132198830999,1
532,-0.0172632994788032,2
533,-0.0911272366281232,8
534,-0.871211946405456,5
535,0.638665782309292,4
536,0.93835002660941,4
537,0.481179687963981,9
538,-0.301019101675869,5
539,0.0969742476263865,9
540,-0.723339256941565,7
541,0.127626723313763,2
542,-0.274296432460122,8
543,-0.597572597922952,5
544,-0.104382761023676,2
545,0.347492274010071,1
546,0.641167129646763,1
547,-0.0826463008844652,8
548,0.690692805250979,4
549,0.56000835512585,9
550,-0.222526500309008,8
551,-0.677426121109392,5
552,-0.612768811459709,7
553,0.562979924234319,4
554,0.312822933674004,4
555,-0.342873823710432,7
556,-0.878097121953893,0
557,-0.422248257176715,7
558,0.190833367267725,9
559,0.0748885339139612,2
560,-0.45769779651479,3
561,0.228254754594293,1
562,-0.49425954372107,3
563,0.256678531783796,4
564,-0.437183877397745,7
565,-0.0781608795646205,2
566,0.795437406864377,6
567,-0.183748938234093,9
568,-0.316148959600177,8
569,0.607236029050987,4
570,-0.619916649097828,7
571,0.0660636297462279,9
572,1.15334280683971,6
573,0.423082215702661,4
574,-0.368816053899854,7
575,0.312153927730013,4
576,0.591112718481473,4
577,-0.123684826732201,2
578,0.134087865282798,7
579,-0.56638511392616,8
580,0.52528387780677,1
581,0.610895695672783,1
582,-0.723893076768995,2
583,-0.621169367733041,3
584,-0.169629164043853,8
585,-0.488120108374887,7
586,-0.337201117386281,2
587,-0.661611696153036,7
588,-0.431681629769517,2
589,0.800745220692182,4
590,-1.01060426361039,0
591,-1.15571541356405,0
592,0.176525533375603,9
593,0.289247255943387,1
594,-0.63295347935276,5
595,0.640929438581091,1
596,-0.167591941421918,3
597,-0.922571105001992,0
598,-0.353221962711946,1
599,-0.784083566693226,5
600,-0.863467783679982,0
601,0.0853788627299419,2
602,0.382937310769482,1
603,-0.677703973408311,5
604,0.0111703222445664,3
605,-0.0632855588905029,1
606,0.721389858018244,1
607,-0.519633087240182,8
608,-0.553371244751677,8
609,-0.687288318009337,3
610,0.28386049629369,9
611,0.229531645119686,9
612,-0.32647289804037,2
613,-0.323669488884588,9
614,-0.568114709769784,8
615,0.135884367780204,2
616,0.780863637130371,4
617,-0.225124251872676,7
618,0.477481478929536,4
619,-0.195397187215709,2
620,0.246940093623581,1
621,0.840950375976172,4
622,-0.229515575375806,8
623,0.573281401738104,1
624,-0.64045792107439,7
625,0.315529528044633,9
626,-0.323197414091143,7
627,-0.100493241454807,2
628,-0.0110551412031325,8
629,0.128636730042289,9
630,0.453966899973489,4
631,-0.34110614022215,7
632,0.248523832183198,4
633,0.641551648903721,1
634,0.0370203949774753,8
635,-0.917997889201655,5
636,-0.830342796500983,3
637,-0.662077429986571,8
638,0.17073106596306,9
639,-1.02886795446059,0
640,0.409982367019457,4
641,0.135467391223474,9
642,0.599424119087497,6
643,0.297905177954822,9
644,-0.0357931630136002,8
645,-0.371267516653178,2
646,-0.0449203932727232,2
647,-1.08507827309885,0
648,0.703799345425452,6
649,0.250349456799637,9
650,0.712083316243439,6
651,0.903378746659493,6
652,-0.527120072433546,7
653,0.506500331709326,1
654,0.809215676478759,4
655,-0.13579997706957,8
656,-0.21522417492244,8
657,0.674418722430206,1
658,0.375589448310322,9
659,0.0372819354084911,8
660,-0.16284546608538,7
661,-0.234665747403946,8
662,-0.514191588250585,3
663,0.347631758653457,2
664,-0.0653599869465761,2
665,-0.49635056666674,3
666,0.503419834644318,4
667,-0.0907826555792431,2
668,-0.411910311173228,7
669,-0.0766033020996264,2
670,0.494968475002957,4
671,0.166526204178575,1
672,-0.332364115273989,8
673,0.253976059600311,9
674,0.298204155339813,9
675,0.0983937951245882,9
676,0.378460496678282,9
677,0.16801263549731,2
678,-0.0545959766681931,1
679,-0.435563225524379,7
680,-0.157706558024918,2
681,0.0515965688221095,9
682,-0.547405498116875,7
683,0.795103195382249,1
684,0.241484822014812,1
685,-1.09088044458639,0
686,-0.336739617858507,8
687,-0.225900109755365,2
688,0.0114227964144666,8
689,0.429239846208642,4
690,-1.37762205847046,0
691,0.0175396459003539,2
692,0.164260886305426,9
693,-0.30577790557038,7
694,-0.210720699341667,2
695,0.931780698734715,6
696,-0.43140162713769,5
697,-0.214637641840493,8
698,-0.38101973711778,8
699,-0.955882149405872,5
700,-1.18695093699271,0
701,-0.601072500110197,3
702,1.13042244749671,6
703,-0.229702839387878,2
704,-0.0895969408447997,8
705,0.31742311508862,1
706,0.467355528827279,9
707,0.212358140764005,9
708,-0.625946979428032,7
709,-0.0584759432425751,8
710,0.927391318166473,6
711,0.113916629868807,2
712,0.852420045829674,6
713,0.0146004701865786,2
714,-0.362423749296466,2
715,0.0484764888212581,9
716,0.0264535266892219,2
717,0.171444174163177,9
718,0.93725239992837,6
719,-0.692994749804621,7
720,0.72461984266267,4
721,-0.0550256056823177,3
722,0.568832150093006,1
723,0.253528556577518,4
724,-0.441768831746852,5
725,-0.286827623997028,2
726,0.260714491187918,2
727,0.813843710798995,6
728,-0.450425819391368,3
729,0.495228840288168,1
730,0.380456152887036,1
731,0.309114801602513,2
732,0.366679431022597,9
733,0.117662010684673,9
734,0.578959835738707,9
735,0.294912132178256,4
736,0.437637511692805,4
737,-0.617772415554322,3
738,-0.266997647432783,3
739,-0.509357052273494,3
740,0.366269139468756,2
741,-0.0425841595726345,2
742,0.768522165624539,6
743,-0.312140306638246,7
744,0.144103228372999,9
745,-0.200359035182704,2
746,0.29379866153957,9
747,0.129435855921437,9
748,-0.418025669520476,7
749,0.4272798521303,9
750,-0.39376595252656,2
751,0.404672650086294,4
752,0.490419131798476,1
753,0.565550884894122,1
754,0.095542788390793,9
755,0.552210030440753,9
756,-0.222082339756121,3
757,0.090840874739289,9
758,0.543949172527767,4
759,-0.116135720252724,9
760,0.459225732740869,2
761,0.921981417618034,4
762,-0.125356461474832,8
763,0.0192376983783353,2
764,0.473286994277713,4
765,-0.203375785914012,7
766,-0.0122799637715919,8
767,0.0897311098918675,9
768,0.35993564911201,9
769,0.0112274118475754,8
770,-0.0574763356315365,9
771,-0.882063012521801,0
772,-0.268969006392152,8
773,0.49549469852052,6
774,0.13083995872396,9
775,0.101423019669116,2
776,-0.038454681024078,7
777,-1.1932710911273,5
778,-0.273439496042877,8
779,-0.25433902026927,8
780,0.0959281775344276,2
781,0.706977560786189,4
782,-0.934509750115368,5
783,0.305592422238311,1
784,-0.38520324170741,7
785,-0.25924966051185,2
786,0.425766743704694,4
787,0.0526162155358089,9
788,-0.262720696457295,2
789,-0.614308917132788,5
790,0.429427439779225,6
791,-0.436773399464056,7
792,-0.0855446482091081,9
793,-0.00728544180382149,2
794,0.462451236503664,4
795,-0.342207747544527,2
796,-0.309233344266783,8
797,0.633969932760049,6
798,-0.661439797059152,5
799,0.744140488922389,6
800,-0.474668868558305,8
801,0.398083317292768,1
802,-0.176400816056939,2
803,0.0242333686810072,2
804,0.156209696322231,1
805,0.666667265565686,1
806,0.170067886407573,9
807,0.25517523199133,1
808,0.525780612499602,1
809,0.251545463056638,1
810,0.630382572899897,4
811,-0.0406589474250131,8
812,-0.598778981786818,7
813,0.124232410290948,9
814,0.82536491891506,6
815,0.206688918833337,8
816,-0.0686758163671252,9
817,0.333017256054417,1
818,-0.372849845438879,3
819,-0.651264592364296,8
820,0.38137279550164,1
821,0.197674353287103,9
822,-0.178403898246094,8
823,-0.307677837372187,8
824,0.293335737249859,4
825,-0.131160441767505,9
826,-0.591230413714545,8
827,-0.695319128881795,5
828,0.327705854251574,9
829,-0.69443489019097,7
830,-0.076152234641464,2
831,0.594978170402145,4
832,-0.546146271311477,3
833,0.891942470344364,4
834,0.117286349327911,1
835,-0.0822361312610194,8
836,0.106974908709303,2
837,-0.0528746650970956,2
838,0.32092030805898,9
839,-0.0370697031475177,8
840,0.592117771106968,4
841,-0.00111948642416337,2
842,-0.449721296868501,7
843,0.209069571234292,9
844,0.68156275415037,1
845,0.294862037638823,9
846,0.631400448849489,4
847,-0.396314883405963,2
848,0.0555282432444023,7
849,0.272954883286668,4
850,0.412912176629668,1
851,0.334100594645247,9
852,0.121437325845792,8
853,-0.327826259123684,8
854,-0.0428191336996338,2
855,0.0797916322114933,4
856,0.405218823939288,1
857,-0.997034980298903,5
858,-0.569604308765702,8
859,0.374171458433418,9
860,-0.287921858428787,8
861,-0.534785454491051,7
862,-0.575073429062166,3
863,-0.512471164329806,7
864,-0.493740663849748,7
865,-0.693460058258303,7
866,0.0259472267125628,2
867,-0.235853955953334,3
868,-0.574805720760923,3
869,-0.19023898578315,3
870,0.142191805249474,9
871,-0.598625846682836,5
872,-0.362844128044208,5
873,-0.263299028849429,2
874,-0.380877789845114,8
875,-0.615774119235348,7
876,0.237944988921428,1
877,0.508626411773552,4
878,-0.613604461448496,3
879,-0.286487904222784,8
880,-0.286031283801576,8
881,0.223118794453465,2
882,-0.109994877785656,8
883,-0.149668436876731,7
884,-1.07406062829534,5
885,-0.278943643195872,2
886,-0.663440166719233,3
887,0.143332148938953,1
888,-0.0201719085047346,2
889,-0.299228827493716,3
890,0.397358568275325,4
891,-1.32900715652973,0
892,-0.217157668202422,2
893,0.331088866253124,4
894,-0.0418563743031794,8
895,0.225515794161279,9
896,0.461345986917363,9
897,0.354272625526089,1
898,0.289810788306957,9
899,0.314691444302893,1
900,-1.00323539607986,0
901,0.0428210194708915,2
902,0.142053535282723,9
903,-0.0345547503982475,3
904,-0.927008476118255,5
905,-0.483307877004301,3
906,-0.411114009781866,7
907,0.486897197969346,9
908,-0.0988301166224574,7
909,0.395748255861225,1
910,0.0944946106354735,1
911,-0.452654889182386,8
912,-0.138337357813062,8
913,0.146546022688917,9
914,-0.46723182737667,8
915,0.231454414163799,1
916,0.536282850873861,1
917,0.726191070033057,6
918,1.00061209612868,6
919,-0.404671034124449,5
920,-0.299038001084246,2
921,-0.323208769505119,8
922,-0.403558844244767,3
923,0.302264477168618,4
924,-0.925114108109646,5
925,0.703238843055437,4
926,-0.727506310380978,5
927,-0.672953520881022,5
928,0.0453862562267674,2
929,-0.375028864234183,8
930,-0.389976958480742,8
931,0.256061610115479,4
932,-0.0623413464042241,1
933,0.476152412631484,4
934,0.102622470207103,1
935,-0.035901333043938,1
936,0.473325803172748,4
937,1.08655297612131,6
938,-0.315828852587237,2
939,-0.0126649745565852,9
940,0.401559144923965,2
941,-0.0237509000702634,2
942,0.256548870471269,9
943,0.926593835432999,1
944,0.734295210165852,6
945,-0.0609921773421325,9
946,0.339132193128839,9
947,0.305732639114118,9
948,-0.0788183898298653,8
949,-0.575657887002515,7
950,-0.20901576120425,2
951,0.18240097051848,2
952,0.363895562539492,1
953,-0.207615551025342,2
954,-0.111517525263993,2
955,-0.246584756809445,7
956,-0.877274591554104,5
957,-0.441341111045077,3
958,0.0913061249750856,9
959,-0.144322377945184,3
960,-0.203073436631441,2
961,-0.24666174803248,9
962,-0.555895436490506,3
963,0.444439793397616,4
964,0.142919603918269,2
965,-0.704833582107041,5
966,-0.457954203161054,8
967,0.117832380103079,9
968,-0.367272436631595,8
969,-0.261904028644885,8
970,0.00037973999451571,2
971,0.245010004710693,9
972,0.10432111306523,9
973,0.531340514644529,4
974,-0.191428607961127,8
975,-0.59192097582996,7
976,0.173612024920523,1
977,-0.125981102899674,8
978,-0.24629008499415,8
979,-0.0795139139582677,2
980,1.37851846457359,6
981,-1.0262232729137,0
982,0.0278287080272808,2
983,-0.174702226051927,9
984,-0.330056863682266,2
985,-0.0308319724336151,9
986,-0.365187851468693,2
987,-0.802190916436023,5
988,-0.731651392457667,5
989,0.0205837367442486,1
990,0.786187000384492,6
991,-0.158756390739288,7
992,0.369750059026803,2
993,0.206613106004917,8
994,-0.152378160215579,2
995,0.833922817985082,6
996,0.553726605749344,4
997,-0.179123833703732,8
998,0.470160887931226,9
999,0.102638892448174,7
