i,j1,j2,y1,y2,t11,t12,t21,t22,g1,g2,w1,w2,m
0,416,765,-1.0544138381747,-0.938120019871917,1,1,2,2,7,7,1,1,1
1,327,327,-0.07685560295379279,-0.07685560295379279,1,2,1,2,8,8,2,2,0
2,932,932,1.47132111258179,1.47132111258179,1,2,1,2,1,1,2,2,0
3,490,490,0.9350750000242005,0.9350750000242005,1,2,1,2,4,4,2,2,0
4,340,340,-0.19861619030445918,-0.19861619030445918,1,2,1,2,7,7,2,2,0
5,388,388,1.4970619023887801,1.4970619023887801,1,2,1,2,9,9,2,2,0
6,138,138,1.475964150657795,1.475964150657795,1,2,1,2,6,6,2,2,0
7,425,260,-1.68138143240835,-2.07112354586661,1,1,2,2,5,7,1,1,1
8,889,889,-0.7504736977838731,-0.7504736977838731,1,2,1,2,3,3,2,2,0
9,662,662,-0.7387352382162204,-0.7387352382162204,1,2,1,2,3,3,2,2,0
10,20,20,1.888380475575865,1.888380475575865,1,2,1,2,1,1,2,2,0
11,565,565,0.19385634758869819,0.19385634758869819,1,2,1,2,2,2,2,2,0
12,81,36,0.327474241339411,0.211552305704281,1,1,2,2,9,8,1,1,1
13,313,313,0.3408423608778705,0.3408423608778705,1,2,1,2,4,4,2,2,0
14,340,340,-1.0426553093571846,-1.0426553093571846,1,2,1,2,7,7,2,2,0
15,513,513,1.5982783707196448,1.5982783707196448,1,2,1,2,2,2,2,2,0
16,241,241,0.16882977971733107,0.16882977971733107,1,2,1,2,9,9,2,2,0
17,947,947,-1.91282848177048,-1.91282848177048,1,2,1,2,9,9,2,2,0
18,411,670,0.952032260646871,1.36010351227353,1,1,2,2,4,4,1,1,1
19,928,928,-0.30508277237944254,-0.30508277237944254,1,2,1,2,2,2,2,2,0
20,182,182,-0.960159036598097,-0.960159036598097,1,2,1,2,1,1,2,2,0
21,881,881,0.17260491905431552,0.17260491905431552,1,2,1,2,2,2,2,2,0
22,129,578,-1.02660169473186,-1.03224012482691,1,1,2,2,9,7,1,1,1
23,2,2,-1.831905973971685,-1.831905973971685,1,2,1,2,5,5,2,2,0
24,346,346,-0.6106693273503645,-0.6106693273503645,1,2,1,2,2,2,2,2,0
25,108,108,-2.5040914245616452,-2.5040914245616452,1,2,1,2,5,5,2,2,0
26,906,906,0.7328247572077925,0.7328247572077925,1,2,1,2,7,7,2,2,0
27,392,768,1.05123291264921,0.579175005284301,1,1,2,2,4,9,1,1,1
28,39,39,-1.9026249722932698,-1.9026249722932698,1,2,1,2,7,7,2,2,0
29,180,180,1.5894722093806148,1.5894722093806148,1,2,1,2,1,1,2,2,0
30,89,89,0.4969804781710395,0.4969804781710395,1,2,1,2,2,2,2,2,0
31,993,993,-0.23823432299041297,-0.23823432299041297,1,2,1,2,8,8,2,2,0
32,266,266,1.3436830486869549,1.3436830486869549,1,2,1,2,4,4,2,2,0
33,152,152,1.0411738633956,1.0411738633956,1,2,1,2,8,8,2,2,0
34,80,80,0.771039642791431,0.771039642791431,1,2,1,2,2,2,2,2,0
35,994,707,1.0152557278232,1.53652044983198,1,1,2,2,2,9,1,1,1
36,538,538,0.321648249236354,0.321648249236354,1,2,1,2,5,5,2,2,0
37,350,805,-0.364465426780567,0.34487380434743,1,1,2,2,3,1,1,1,1
38,544,544,-0.0661223879632088,-0.0661223879632088,1,2,1,2,2,2,2,2,0
39,649,394,-0.52398288784069,-0.379801637218432,1,1,2,2,9,8,1,1,1
40,107,294,-0.964165361235224,-0.521458633000296,1,1,2,2,3,4,1,1,1
41,702,339,0.771230988523221,-0.298662969837829,1,1,2,2,6,8,1,1,1
42,506,506,-1.744641185510875,-1.744641185510875,1,2,1,2,8,8,2,2,0
43,782,782,1.2788982680005998,1.2788982680005998,1,2,1,2,5,5,2,2,0
44,474,865,1.6323650732104,0.295114205226756,1,1,2,2,2,7,1,1,1
45,128,128,-1.1074956047528035,-1.1074956047528035,1,2,1,2,9,9,2,2,0
46,611,611,0.1861214457515506,0.1861214457515506,1,2,1,2,9,9,2,2,0
47,161,161,0.22087911735804233,0.22087911735804233,1,2,1,2,4,4,2,2,0
48,654,654,1.555956865712535,1.555956865712535,1,2,1,2,4,4,2,2,0
49,151,109,-0.483932804571274,0.332705605192567,1,1,2,2,8,8,1,1,1
50,842,183,-0.175851655123398,0.572331587103339,1,1,2,2,7,2,1,1,1
51,17,17,0.383933018236437,0.383933018236437,1,2,1,2,2,2,2,2,0
52,892,262,-0.467571662965431,-0.445589360299858,1,1,2,2,2,8,1,1,1
53,303,303,0.43909494476273847,0.43909494476273847,1,2,1,2,5,5,2,2,0
54,918,918,1.0323828207126144,1.0323828207126144,1,2,1,2,6,6,2,2,0
55,666,666,2.082233203296265,2.082233203296265,1,2,1,2,4,4,2,2,0
56,221,221,-1.378714077353755,-1.378714077353755,1,2,1,2,8,8,2,2,0
57,418,418,0.9193979373494785,0.9193979373494785,1,2,1,2,1,1,2,2,0
58,568,568,-0.1867246682580855,-0.1867246682580855,1,2,1,2,8,8,2,2,0
59,231,231,-0.7296331117146435,-0.7296331117146435,1,2,1,2,5,5,2,2,0
60,315,315,0.4318546597518975,0.4318546597518975,1,2,1,2,8,8,2,2,0
61,628,945,-0.633089624263897,-0.254898419026729,1,1,2,2,8,9,1,1,1
62,428,732,0.111009109219641,0.527649017647112,1,1,2,2,1,9,1,1,1
63,288,288,-0.809055118689987,-0.809055118689987,1,2,1,2,4,4,2,2,0
64,269,269,-0.792282483353936,-0.792282483353936,1,2,1,2,2,2,2,2,0
65,68,68,0.0946033615301641,0.0946033615301641,1,2,1,2,8,8,2,2,0
66,701,701,0.0596980990120475,0.0596980990120475,1,2,1,2,3,3,2,2,0
67,154,154,-0.09390363388911185,-0.09390363388911185,1,2,1,2,8,8,2,2,0
68,11,11,1.9096111364980102,1.9096111364980102,1,2,1,2,6,6,2,2,0
69,96,96,2.027004716418415,2.027004716418415,1,2,1,2,9,9,2,2,0
70,225,841,-0.828354158128665,-0.471835791424751,1,1,2,2,2,2,1,1,1
71,990,990,-1.3379223620085599,-1.3379223620085599,1,2,1,2,6,6,2,2,0
72,221,302,1.36677251512031,1.44371112271512,1,1,2,2,8,1,1,1,1
73,453,497,-1.23416850533044,-2.16342870039772,1,1,2,2,5,5,1,1,1
74,474,474,-0.3002532871791045,-0.3002532871791045,1,2,1,2,2,2,2,2,0
75,919,919,0.8023856121868775,0.8023856121868775,1,2,1,2,5,5,2,2,0
76,539,539,-0.007069267083203004,-0.007069267083203004,1,2,1,2,9,9,2,2,0
77,418,305,-0.513504265160365,-1.47463501141259,1,1,2,2,1,8,1,1,1
78,721,721,0.2648825907540936,0.2648825907540936,1,2,1,2,3,3,2,2,0
79,319,319,-0.3258026930489655,-0.3258026930489655,1,2,1,2,7,7,2,2,0
80,279,559,-1.8932061447295,-0.284765224769586,1,1,2,2,0,2,1,1,1
81,353,353,1.0009144712509614,1.0009144712509614,1,2,1,2,1,1,2,2,0
82,322,189,-0.0491350172463976,-0.156947940227264,1,1,2,2,2,4,1,1,1
83,91,730,-0.278226799178323,1.46246502558416,1,1,2,2,5,1,1,1,1
84,457,457,-0.685886483839488,-0.685886483839488,1,2,1,2,8,8,2,2,0
85,965,965,-0.34411242697438116,-0.34411242697438116,1,2,1,2,5,5,2,2,0
86,100,673,0.524885228132556,1.31055455959187,1,1,2,2,3,9,1,1,1
87,127,127,0.974576988751903,0.974576988751903,1,2,1,2,2,2,2,2,0
88,502,502,-0.505295931841155,-0.505295931841155,1,2,1,2,7,7,2,2,0
89,843,843,1.31946815754533,1.31946815754533,1,2,1,2,9,9,2,2,0
90,76,76,-0.005263755749432997,-0.005263755749432997,1,2,1,2,5,5,2,2,0
91,424,778,0.86387880001,0.492608980602755,1,1,2,2,4,8,1,1,1
92,149,149,0.3957792995329945,0.3957792995329945,1,2,1,2,9,9,2,2,0
93,557,557,-1.1926782800056501,-1.1926782800056501,1,2,1,2,7,7,2,2,0
94,649,122,1.6962259461914,1.91188669276513,1,1,2,2,9,9,1,1,1
95,225,225,-0.614816337289084,-0.614816337289084,1,2,1,2,2,2,2,2,0
96,930,813,1.34911917154308,2.45946914501117,1,1,2,2,8,9,1,1,1
97,552,552,0.9773164661405496,0.9773164661405496,1,2,1,2,7,7,2,2,0
98,211,240,-0.654373316966677,-1.49565335427548,1,1,2,2,3,0,1,1,1
99,617,693,-1.61307394747478,-0.826076999012859,1,1,2,2,7,7,1,1,1
100,820,22,-0.34197750815893,-0.928751690146449,1,1,2,2,1,8,1,1,1
101,424,249,0.550102820184496,-0.194548994260018,1,1,2,2,4,7,1,1,1
102,59,59,-0.7634394138499501,-0.7634394138499501,1,2,1,2,5,5,2,2,0
103,699,699,-1.09944535180674,-1.09944535180674,1,2,1,2,5,5,2,2,0
104,95,95,-0.8547497905316159,-0.8547497905316159,1,2,1,2,4,4,2,2,0
105,140,140,-0.71177130644161,-0.71177130644161,1,2,1,2,5,5,2,2,0
106,435,24,-0.555193505070255,-0.715893688663933,1,1,2,2,1,4,1,1,1
107,687,687,-2.099197299890645,-2.099197299890645,1,2,1,2,2,2,2,2,0
108,917,917,0.5544467867329914,0.5544467867329914,1,2,1,2,6,6,2,2,0
109,315,315,0.5534041096390195,0.5534041096390195,1,2,1,2,8,8,2,2,0
110,461,461,-0.770249525446487,-0.770249525446487,1,2,1,2,2,2,2,2,0
111,18,18,0.2178284493177587,0.2178284493177587,1,2,1,2,2,2,2,2,0
112,625,625,-1.10442908607131,-1.10442908607131,1,2,1,2,9,9,2,2,0
113,185,185,-0.1064445021494225,-0.1064445021494225,1,2,1,2,1,1,2,2,0
114,712,712,1.20340723322893,1.20340723322893,1,2,1,2,6,6,2,2,0
115,148,148,0.8878231849875269,0.8878231849875269,1,2,1,2,9,9,2,2,0
116,535,535,0.919283458493247,0.919283458493247,1,2,1,2,4,4,2,2,0
117,351,351,0.698539456539458,0.698539456539458,1,2,1,2,6,6,2,2,0
118,699,173,-1.54702736749198,-1.42371178132893,1,1,2,2,5,5,1,1,1
119,227,227,-1.2762566251436551,-1.2762566251436551,1,2,1,2,7,7,2,2,0
120,867,867,-0.289983116278154,-0.289983116278154,1,2,1,2,3,3,2,2,0
121,199,199,-0.270201733161508,-0.270201733161508,1,2,1,2,4,4,2,2,0
122,677,677,0.019123206777257484,0.019123206777257484,1,2,1,2,2,2,2,2,0
123,655,655,-0.529727371562561,-0.529727371562561,1,2,1,2,8,8,2,2,0
124,91,379,0.909996031583837,1.65719486157036,1,1,2,2,5,9,1,1,1
125,902,902,-0.4267614315282852,-0.4267614315282852,1,2,1,2,9,9,2,2,0
126,989,989,0.41462715036374753,0.41462715036374753,1,2,1,2,1,1,2,2,0
127,550,550,-0.2824830985775275,-0.2824830985775275,1,2,1,2,8,8,2,2,0
128,784,784,-1.3679615890871601,-1.3679615890871601,1,2,1,2,7,7,2,2,0
129,462,462,0.26324731408283386,0.26324731408283386,1,2,1,2,9,9,2,2,0
130,805,805,2.17755612180098,2.17755612180098,1,2,1,2,1,1,2,2,0
131,629,923,0.586918605296407,1.27966165096792,1,1,2,2,9,4,1,1,1
132,655,655,0.19080491208690445,0.19080491208690445,1,2,1,2,8,8,2,2,0
133,9,9,-0.07051517928576981,-0.07051517928576981,1,2,1,2,9,9,2,2,0
134,295,295,-2.359536173581245,-2.359536173581245,1,2,1,2,7,7,2,2,0
135,374,374,1.39225658309981,1.39225658309981,1,2,1,2,9,9,2,2,0
136,86,86,-1.3995247943654001,-1.3995247943654001,1,2,1,2,2,2,2,2,0
137,407,407,0.588107221420342,0.588107221420342,1,2,1,2,7,7,2,2,0
138,177,631,1.72540139513663,1.71757451526381,1,1,2,2,2,7,1,1,1
139,727,727,-0.532382560888427,-0.532382560888427,1,2,1,2,6,6,2,2,0
140,830,830,0.367084040731246,0.367084040731246,1,2,1,2,2,2,2,2,0
141,924,924,-0.869979161869856,-0.869979161869856,1,2,1,2,5,5,2,2,0
142,247,247,-1.16157342960653,-1.16157342960653,1,2,1,2,1,1,2,2,0
143,87,87,-1.18692107129115,-1.18692107129115,1,2,1,2,1,1,2,2,0
144,442,442,-1.0062448958153716,-1.0062448958153716,1,2,1,2,1,1,2,2,0
145,219,219,-1.084878945600305,-1.084878945600305,1,2,1,2,0,0,2,2,0
146,408,806,-0.708917219489011,-0.552565751050894,1,1,2,2,9,9,1,1,1
147,92,174,1.78567669670848,0.133559058693751,1,1,2,2,4,5,1,1,1
148,844,844,3.172743862637075,3.172743862637075,1,2,1,2,1,1,2,2,0
149,787,787,-1.209672501319329,-1.209672501319329,1,2,1,2,9,9,2,2,0
150,369,369,0.6083982539762101,0.6083982539762101,1,2,1,2,4,4,2,2,0
151,491,491,1.1087313332113065,1.1087313332113065,1,2,1,2,1,1,2,2,0
152,60,918,0.507848695471456,1.57528910294774,1,1,2,2,2,6,1,1,1
153,68,68,-1.476942680514165,-1.476942680514165,1,2,1,2,8,8,2,2,0
154,583,583,-0.4041202902525005,-0.4041202902525005,1,2,1,2,3,3,2,2,0
155,791,791,-0.814183552551631,-0.814183552551631,1,2,1,2,7,7,2,2,0
156,949,949,0.16555670210217752,0.16555670210217752,1,2,1,2,7,7,2,2,0
157,215,215,-0.130037862180999,-0.130037862180999,1,2,1,2,9,9,2,2,0
158,332,687,0.41839392325786,0.165184169713082,1,1,2,2,7,2,1,1,1
159,956,25,-1.29256877776844,-1.27114023865871,1,1,2,2,5,0,1,1,1
160,526,526,0.907441510450745,0.907441510450745,1,2,1,2,2,2,2,2,0
161,811,811,-1.2292927281866999,-1.2292927281866999,1,2,1,2,8,8,2,2,0
162,684,684,-0.8754076597252926,-0.8754076597252926,1,2,1,2,1,1,2,2,0
163,575,575,3.17095935046214,3.17095935046214,1,2,1,2,4,4,2,2,0
164,821,835,-0.342349183971533,-0.475319159252267,1,1,2,2,9,8,1,1,1
165,831,831,0.8972638977458169,0.8972638977458169,1,2,1,2,4,4,2,2,0
166,18,18,0.5764827867523055,0.5764827867523055,1,2,1,2,2,2,2,2,0
167,180,180,-0.044534857314800995,-0.044534857314800995,1,2,1,2,1,1,2,2,0
168,355,355,0.19782957769766352,0.19782957769766352,1,2,1,2,7,7,2,2,0
169,547,572,0.538989790263752,1.35415448149997,1,1,2,2,8,6,1,1,1
170,517,467,-0.605924382296171,-0.757031628301301,1,1,2,2,2,8,1,1,1
171,921,921,-0.03640746049102685,-0.03640746049102685,1,2,1,2,8,8,2,2,0
172,971,971,-0.030674101473617554,-0.030674101473617554,1,2,1,2,9,9,2,2,0
173,480,480,2.710563181768925,2.710563181768925,1,2,1,2,4,4,2,2,0
174,204,204,-0.7984215938695135,-0.7984215938695135,1,2,1,2,9,9,2,2,0
175,81,81,-0.575523236425465,-0.575523236425465,1,2,1,2,9,9,2,2,0
176,689,545,0.624222631263401,0.585062374703311,1,1,2,2,4,1,1,1,1
177,276,276,1.5624327747177351,1.5624327747177351,1,2,1,2,6,6,2,2,0
178,729,729,1.0361306151034464,1.0361306151034464,1,2,1,2,1,1,2,2,0
179,982,982,-0.18271052579142177,-0.18271052579142177,1,2,1,2,2,2,2,2,0
180,248,248,-0.7980935696416325,-0.7980935696416325,1,2,1,2,2,2,2,2,0
181,939,249,1.36524431937278,1.32536118249199,1,1,2,2,9,7,1,1,1
182,129,129,-0.3619879997860319,-0.3619879997860319,1,2,1,2,9,9,2,2,0
183,19,484,-1.62668847521028,-1.29237270935155,1,1,2,2,5,1,1,1,1
184,313,313,-0.23428384749206752,-0.23428384749206752,1,2,1,2,4,4,2,2,0
185,887,887,0.12200032583597584,0.12200032583597584,1,2,1,2,1,1,2,2,0
186,563,773,1.6622160628555,1.35120197402699,1,1,2,2,4,6,1,1,1
187,942,942,0.5433770403647971,0.5433770403647971,1,2,1,2,9,9,2,2,0
188,28,28,1.472641802802245,1.472641802802245,1,2,1,2,1,1,2,2,0
189,47,47,-0.4675256505089525,-0.4675256505089525,1,2,1,2,8,8,2,2,0
190,427,427,-0.617103690368476,-0.617103690368476,1,2,1,2,8,8,2,2,0
191,632,632,-0.01439898209083935,-0.01439898209083935,1,2,1,2,4,4,2,2,0
192,105,105,0.7548385179267589,0.7548385179267589,1,2,1,2,9,9,2,2,0
193,65,65,-0.702938958214076,-0.702938958214076,1,2,1,2,8,8,2,2,0
194,827,827,-1.8723235522260602,-1.8723235522260602,1,2,1,2,5,5,2,2,0
195,306,306,2.294310350293685,2.294310350293685,1,2,1,2,9,9,2,2,0
196,262,262,0.6497516776044105,0.6497516776044105,1,2,1,2,8,8,2,2,0
197,631,631,-1.44517523985761,-1.44517523985761,1,2,1,2,7,7,2,2,0
198,91,91,-1.4504987050065,-1.4504987050065,1,2,1,2,5,5,2,2,0
199,977,76,-1.1259175151804,-2.55663306057834,1,1,2,2,8,5,1,1,1
200,383,383,2.011305228804585,2.011305228804585,1,2,1,2,9,9,2,2,0
201,441,441,2.0796479568783646,2.0796479568783646,1,2,1,2,6,6,2,2,0
202,72,72,-0.3335394908827052,-0.3335394908827052,1,2,1,2,7,7,2,2,0
203,657,657,1.11854571177608,1.11854571177608,1,2,1,2,1,1,2,2,0
204,633,633,0.28237907287677727,0.28237907287677727,1,2,1,2,1,1,2,2,0
205,9,9,-0.22387298425864918,-0.22387298425864918,1,2,1,2,9,9,2,2,0
206,689,689,-0.328837912102736,-0.328837912102736,1,2,1,2,4,4,2,2,0
207,495,495,0.11615406166206795,0.11615406166206795,1,2,1,2,4,4,2,2,0
208,477,477,2.062376123582975,2.062376123582975,1,2,1,2,4,4,2,2,0
209,983,919,0.00282836656024002,-0.793792479469312,1,1,2,2,9,5,1,1,1
210,79,79,0.8713465372277476,0.8713465372277476,1,2,1,2,9,9,2,2,0
211,805,805,1.592089628885,1.592089628885,1,2,1,2,1,1,2,2,0
212,482,482,1.315685663426665,1.315685663426665,1,2,1,2,8,8,2,2,0
213,285,285,-1.35211967467656,-1.35211967467656,1,2,1,2,7,7,2,2,0
214,484,484,-0.8447950360375265,-0.8447950360375265,1,2,1,2,1,1,2,2,0
215,846,846,2.291658210702975,2.291658210702975,1,2,1,2,4,4,2,2,0
216,584,584,-0.6510708480834211,-0.6510708480834211,1,2,1,2,8,8,2,2,0
217,397,102,0.00146092654602592,-0.950799271085507,1,1,2,2,6,8,1,1,1
218,509,509,-0.9822389991864445,-0.9822389991864445,1,2,1,2,1,1,2,2,0
219,743,743,-1.69431202514159,-1.69431202514159,1,2,1,2,7,7,2,2,0
220,406,406,-1.895739677905015,-1.895739677905015,1,2,1,2,0,0,2,2,0
221,370,370,2.35812360761099,2.35812360761099,1,2,1,2,6,6,2,2,0
222,802,802,0.9547345136162975,0.9547345136162975,1,2,1,2,2,2,2,2,0
223,745,745,0.4441246314077495,0.4441246314077495,1,2,1,2,2,2,2,2,0
224,948,948,-0.21720605485280334,-0.21720605485280334,1,2,1,2,8,8,2,2,0
225,331,547,0.0916000903867387,-0.245710769506826,1,1,2,2,8,8,1,1,1
226,539,641,-0.249427118765461,-0.575900578676234,1,1,2,2,9,9,1,1,1
227,217,867,-0.998931765780699,-1.19951179768446,1,1,2,2,7,3,1,1,1
228,687,687,0.5333434202041275,0.5333434202041275,1,2,1,2,2,2,2,2,0
229,411,411,-0.4876411442179245,-0.4876411442179245,1,2,1,2,4,4,2,2,0
230,634,634,2.26991859710662,2.26991859710662,1,2,1,2,8,8,2,2,0
231,373,373,0.241900105540332,0.241900105540332,1,2,1,2,1,1,2,2,0
232,308,308,0.7460780651170446,0.7460780651170446,1,2,1,2,4,4,2,2,0
233,547,547,-1.0673957310082485,-1.0673957310082485,1,2,1,2,8,8,2,2,0
234,718,604,0.339112447955094,-0.325998841130112,1,1,2,2,6,3,1,1,1
235,227,227,-1.547403455785605,-1.547403455785605,1,2,1,2,7,7,2,2,0
236,718,718,0.6701382355241341,0.6701382355241341,1,2,1,2,6,6,2,2,0
237,847,847,-0.12662637783659805,-0.12662637783659805,1,2,1,2,2,2,2,2,0
238,570,771,-0.487101476484504,-0.659267416402023,1,1,2,2,7,0,1,1,1
239,840,840,-0.23308596577942098,-0.23308596577942098,1,2,1,2,4,4,2,2,0
240,406,406,-1.9684186154666699,-1.9684186154666699,1,2,1,2,0,0,2,2,0
241,941,941,-0.546575301886562,-0.546575301886562,1,2,1,2,2,2,2,2,0
242,49,49,1.76317904611106,1.76317904611106,1,2,1,2,1,1,2,2,0
243,171,171,-0.22235597749609948,-0.22235597749609948,1,2,1,2,6,6,2,2,0
244,623,623,0.3504197744775409,0.3504197744775409,1,2,1,2,1,1,2,2,0
245,166,166,1.356861903181005,1.356861903181005,1,2,1,2,2,2,2,2,0
246,644,639,-0.301128172227364,-0.929145549659013,1,1,2,2,8,0,1,1,1
247,649,649,-1.0681616458543144,-1.0681616458543144,1,2,1,2,9,9,2,2,0
248,634,634,-0.8054590497247134,-0.8054590497247134,1,2,1,2,8,8,2,2,0
249,451,451,0.1255895891358425,0.1255895891358425,1,2,1,2,3,3,2,2,0
250,726,726,0.2896813251712585,0.2896813251712585,1,2,1,2,2,2,2,2,0
251,518,518,-1.398756629075965,-1.398756629075965,1,2,1,2,2,2,2,2,0
252,145,145,-0.937945232635077,-0.937945232635077,1,2,1,2,5,5,2,2,0
253,793,63,0.446814186555532,0.922987230340872,1,1,2,2,2,6,1,1,1
254,474,474,1.51664764122479,1.51664764122479,1,2,1,2,2,2,2,2,0
255,190,190,-0.11615627211320878,-0.11615627211320878,1,2,1,2,9,9,2,2,0
256,474,474,1.07855376927083,1.07855376927083,1,2,1,2,2,2,2,2,0
257,361,361,0.7431360423655925,0.7431360423655925,1,2,1,2,2,2,2,2,0
258,287,287,-0.9343902328838596,-0.9343902328838596,1,2,1,2,3,3,2,2,0
259,483,483,-0.670708701042906,-0.670708701042906,1,2,1,2,4,4,2,2,0
260,996,996,0.30787168627622696,0.30787168627622696,1,2,1,2,4,4,2,2,0
261,391,391,-1.2975401484539701,-1.2975401484539701,1,2,1,2,3,3,2,2,0
262,295,424,0.00828040389365691,0.284092157118483,1,1,2,2,7,4,1,1,1
263,108,108,0.3819039929459715,0.3819039929459715,1,2,1,2,5,5,2,2,0
264,867,447,2.26534703001117,2.9653808013632,1,1,2,2,3,1,1,1,1
265,194,115,2.42325034051013,0.820900647864693,1,1,2,2,6,5,1,1,1
266,897,897,0.400192130567256,0.400192130567256,1,2,1,2,1,1,2,2,0
267,981,248,-2.50465179015809,-1.48904212400464,1,1,2,2,0,2,1,1,1
268,491,491,-0.1472740895224075,-0.1472740895224075,1,2,1,2,1,1,2,2,0
269,185,185,0.1400842243468759,0.1400842243468759,1,2,1,2,1,1,2,2,0
270,669,230,0.845236081387368,1.56740483590433,1,1,2,2,2,4,1,1,1
271,152,152,0.645995220588317,0.645995220588317,1,2,1,2,8,8,2,2,0
272,183,183,1.0598090770924855,1.0598090770924855,1,2,1,2,2,2,2,2,0
273,385,385,-1.545085989755965,-1.545085989755965,1,2,1,2,9,9,2,2,0
274,526,526,0.9928344344012454,0.9928344344012454,1,2,1,2,2,2,2,2,0
275,30,30,0.6673763680501166,0.6673763680501166,1,2,1,2,6,6,2,2,0
276,377,377,0.294803700268084,0.294803700268084,1,2,1,2,9,9,2,2,0
277,755,755,0.587967745439059,0.587967745439059,1,2,1,2,9,9,2,2,0
278,95,95,0.694919307532718,0.694919307532718,1,2,1,2,4,4,2,2,0
279,191,191,-0.379256255463294,-0.379256255463294,1,2,1,2,2,2,2,2,0
280,636,636,-2.38416652603918,-2.38416652603918,1,2,1,2,3,3,2,2,0
281,944,402,1.29766117309993,1.60537749834585,1,1,2,2,6,1,1,1,1
282,257,257,1.2825567292159752,1.2825567292159752,1,2,1,2,6,6,2,2,0
283,251,175,-0.240614567624027,-1.40378830737242,1,1,2,2,9,0,1,1,1
284,479,479,0.067833624556915,0.067833624556915,1,2,1,2,8,8,2,2,0
285,293,293,0.20508986593351,0.20508986593351,1,2,1,2,9,9,2,2,0
286,637,637,-0.5834253770239796,-0.5834253770239796,1,2,1,2,8,8,2,2,0
287,300,300,1.33499519646083,1.33499519646083,1,2,1,2,2,2,2,2,0
288,664,664,-0.28602700553269766,-0.28602700553269766,1,2,1,2,2,2,2,2,0
289,654,527,0.949319962781996,-0.539639173623768,1,1,2,2,4,0,1,1,1
290,383,383,1.324907949520595,1.324907949520595,1,2,1,2,9,9,2,2,0
291,826,826,0.358929435125091,0.358929435125091,1,2,1,2,8,8,2,2,0
292,677,525,1.2648977832613,0.471205081865501,1,1,2,2,2,5,1,1,1
293,900,900,-1.73868844063262,-1.73868844063262,1,2,1,2,0,0,2,2,0
294,434,434,0.7774883196697855,0.7774883196697855,1,2,1,2,0,0,2,2,0
295,21,21,-0.477068316602958,-0.477068316602958,1,2,1,2,5,5,2,2,0
296,516,516,1.63088464612688,1.63088464612688,1,2,1,2,9,9,2,2,0
297,257,257,-0.6276989198896725,-0.6276989198896725,1,2,1,2,6,6,2,2,0
298,258,258,-0.23068825688966,-0.23068825688966,1,2,1,2,7,7,2,2,0
299,268,819,2.28657371445234,0.5251134331033,1,1,2,2,6,8,1,1,1
300,417,417,-0.11545102018953202,-0.11545102018953202,1,2,1,2,4,4,2,2,0
301,560,560,-1.323239300591445,-1.323239300591445,1,2,1,2,3,3,2,2,0
302,331,331,-0.8792923292373496,-0.8792923292373496,1,2,1,2,8,8,2,2,0
303,179,179,-0.873765214524155,-0.873765214524155,1,2,1,2,9,9,2,2,0
304,529,529,0.10949597556239402,0.10949597556239402,1,2,1,2,4,4,2,2,0
305,775,775,0.10078590632224199,0.10078590632224199,1,2,1,2,2,2,2,2,0
306,612,612,-2.18282329279252,-2.18282329279252,1,2,1,2,2,2,2,2,0
307,473,473,-0.0893158157084675,-0.0893158157084675,1,2,1,2,5,5,2,2,0
308,59,59,0.3362275770689105,0.3362275770689105,1,2,1,2,5,5,2,2,0
309,518,518,1.7017690775996401,1.7017690775996401,1,2,1,2,2,2,2,2,0
310,21,550,-0.0190934357456162,1.04630620679348,1,1,2,2,5,8,1,1,1
311,329,329,0.8653725972693704,0.8653725972693704,1,2,1,2,1,1,2,2,0
312,536,536,-0.831833608184279,-0.831833608184279,1,2,1,2,4,4,2,2,0
313,398,635,0.478598874986734,-1.1702564267443,1,1,2,2,1,5,1,1,1
314,758,758,0.6663290329226625,0.6663290329226625,1,2,1,2,4,4,2,2,0
315,141,141,1.277162158526572,1.277162158526572,1,2,1,2,6,6,2,2,0
316,596,596,0.05239900005536549,0.05239900005536549,1,2,1,2,3,3,2,2,0
317,842,842,-1.48729086601136,-1.48729086601136,1,2,1,2,7,7,2,2,0
318,532,532,1.5582181199931,1.5582181199931,1,2,1,2,2,2,2,2,0
319,745,745,0.9622735912272885,0.9622735912272885,1,2,1,2,2,2,2,2,0
320,275,275,-0.42121720127336204,-0.42121720127336204,1,2,1,2,7,7,2,2,0
321,747,747,1.311370939137995,1.311370939137995,1,2,1,2,9,9,2,2,0
322,578,578,-1.422969013947645,-1.422969013947645,1,2,1,2,7,7,2,2,0
323,889,194,0.647501028021593,1.87793322103538,1,1,2,2,3,6,1,1,1
324,296,377,-0.417593708770375,-0.209665784053032,1,1,2,2,4,9,1,1,1
325,152,152,0.054127886944662,0.054127886944662,1,2,1,2,8,8,2,2,0
326,431,431,-0.43265385478551055,-0.43265385478551055,1,2,1,2,2,2,2,2,0
327,266,266,1.014650135282429,1.014650135282429,1,2,1,2,4,4,2,2,0
328,165,165,1.4856423353698052,1.4856423353698052,1,2,1,2,1,1,2,2,0
329,684,684,0.0948246247436098,0.0948246247436098,1,2,1,2,1,1,2,2,0
330,896,896,1.249287739567595,1.249287739567595,1,2,1,2,9,9,2,2,0
331,203,203,-0.94044830595171,-0.94044830595171,1,2,1,2,9,9,2,2,0
332,139,139,-0.30310158772636947,-0.30310158772636947,1,2,1,2,1,1,2,2,0
333,804,804,1.55504104169837,1.55504104169837,1,2,1,2,1,1,2,2,0
334,683,683,1.0211176225850085,1.0211176225850085,1,2,1,2,1,1,2,2,0
335,169,169,-2.27995491125165,-2.27995491125165,1,2,1,2,5,5,2,2,0
336,408,408,-0.9431666224704249,-0.9431666224704249,1,2,1,2,9,9,2,2,0
337,915,915,-0.22307730999036499,-0.22307730999036499,1,2,1,2,1,1,2,2,0
338,749,85,0.957437022090367,0.20306406136333,1,1,2,2,9,8,1,1,1
339,432,432,0.11297100198440804,0.11297100198440804,1,2,1,2,2,2,2,2,0
340,656,656,-0.120900985172169,-0.120900985172169,1,2,1,2,8,8,2,2,0
341,581,116,1.09047960617694,1.67302096127656,1,1,2,2,1,4,1,1,1
342,296,296,2.2747063178928046,2.2747063178928046,1,2,1,2,4,4,2,2,0
343,517,517,-0.026570577798156497,-0.026570577798156497,1,2,1,2,2,2,2,2,0
344,987,987,-0.884821396663391,-0.884821396663391,1,2,1,2,5,5,2,2,0
345,892,892,-2.207052166821585,-2.207052166821585,1,2,1,2,2,2,2,2,0
346,246,246,0.6634606965714396,0.6634606965714396,1,2,1,2,9,9,2,2,0
347,192,192,-0.7549650992777606,-0.7549650992777606,1,2,1,2,2,2,2,2,0
348,499,499,-1.38265537584702,-1.38265537584702,1,2,1,2,7,7,2,2,0
349,122,837,0.182098502037225,-0.0286217228858973,1,1,2,2,9,2,1,1,1
350,685,685,-0.4885989562047885,-0.4885989562047885,1,2,1,2,0,0,2,2,0
351,160,160,-2.87137539012533,-2.87137539012533,1,2,1,2,5,5,2,2,0
352,52,99,-0.756406596469324,-1.67179229804056,1,1,2,2,0,3,1,1,1
353,547,547,0.16625873836677565,0.16625873836677565,1,2,1,2,8,8,2,2,0
354,925,925,0.11558904369679494,0.11558904369679494,1,2,1,2,4,4,2,2,0
355,843,843,0.3748374278690205,0.3748374278690205,1,2,1,2,9,9,2,2,0
356,897,575,0.409554506914098,0.543944776996735,1,1,2,2,1,4,1,1,1
357,781,940,0.48260842545418,0.27307039887229,1,1,2,2,4,2,1,1,1
358,886,506,-3.26415520536199,-2.78276605689859,1,1,2,2,3,8,1,1,1
359,976,976,2.83562441253654,2.83562441253654,1,2,1,2,1,1,2,2,0
360,524,524,-1.014114062211471,-1.014114062211471,1,2,1,2,7,7,2,2,0
361,651,651,1.4607685160476551,1.4607685160476551,1,2,1,2,6,6,2,2,0
362,953,953,0.1768409606475225,0.1768409606475225,1,2,1,2,2,2,2,2,0
363,129,453,0.917729289870157,0.468823869212452,1,1,2,2,9,5,1,1,1
364,378,378,1.3748217647092948,1.3748217647092948,1,2,1,2,1,1,2,2,0
365,699,699,-1.59744068202203,-1.59744068202203,1,2,1,2,5,5,2,2,0
366,31,249,1.95585935067121,0.0259731449394435,1,1,2,2,1,7,1,1,1
367,468,468,-0.9073029097686395,-0.9073029097686395,1,2,1,2,9,9,2,2,0
368,895,895,1.47121399591743,1.47121399591743,1,2,1,2,9,9,2,2,0
369,425,425,-1.14102733434382,-1.14102733434382,1,2,1,2,5,5,2,2,0
370,292,292,2.05907918533466,2.05907918533466,1,2,1,2,9,9,2,2,0
371,857,857,-2.213793789745075,-2.213793789745075,1,2,1,2,5,5,2,2,0
372,790,790,0.013810576961003504,0.013810576961003504,1,2,1,2,6,6,2,2,0
373,398,398,0.9544457645895045,0.9544457645895045,1,2,1,2,1,1,2,2,0
374,891,891,-0.9331097861006574,-0.9331097861006574,1,2,1,2,0,0,2,2,0
375,948,948,-0.6960583317893905,-0.6960583317893905,1,2,1,2,8,8,2,2,0
376,103,103,-1.27140445686061,-1.27140445686061,1,2,1,2,7,7,2,2,0
377,760,802,0.449714622853381,-0.152203953020138,1,1,2,2,2,2,1,1,1
378,515,515,0.606911580709115,0.606911580709115,1,2,1,2,1,1,2,2,0
379,239,738,-1.2466212794985,-2.12813006156146,1,1,2,2,2,3,1,1,1
380,566,566,1.087788030294838,1.087788030294838,1,2,1,2,6,6,2,2,0
381,365,365,1.24950729062245,1.24950729062245,1,2,1,2,4,4,2,2,0
382,989,989,0.1597055937075803,0.1597055937075803,1,2,1,2,1,1,2,2,0
383,63,414,-0.385610723880551,-1.84540547477285,1,1,2,2,6,5,1,1,1
384,695,695,1.1865529479811985,1.1865529479811985,1,2,1,2,6,6,2,2,0
385,567,47,0.884944845158679,1.51956207295125,1,1,2,2,9,8,1,1,1
386,426,226,0.74244842233375,1.21497308286436,1,1,2,2,1,9,1,1,1
387,593,361,-0.536846284121577,-1.17472317522566,1,1,2,2,1,2,1,1,1
388,562,562,-0.740867873106037,-0.740867873106037,1,2,1,2,3,3,2,2,0
389,308,308,0.7544830816617281,0.7544830816617281,1,2,1,2,4,4,2,2,0
390,606,606,0.013358947001089,0.013358947001089,1,2,1,2,1,1,2,2,0
391,527,527,-3.302103104105645,-3.302103104105645,1,2,1,2,0,0,2,2,0
392,990,521,1.8422692946348,0.698744788956307,1,1,2,2,6,9,1,1,1
393,766,766,-0.8583296079774515,-0.8583296079774515,1,2,1,2,8,8,2,2,0
394,482,482,-0.4928342763767465,-0.4928342763767465,1,2,1,2,8,8,2,2,0
395,795,364,1.61440026489281,1.23196641803223,1,1,2,2,2,9,1,1,1
396,443,443,-0.725010368448889,-0.725010368448889,1,2,1,2,4,4,2,2,0
397,337,337,0.8214913671809896,0.8214913671809896,1,2,1,2,1,1,2,2,0
398,815,815,-1.0581198637340175,-1.0581198637340175,1,2,1,2,8,8,2,2,0
399,659,659,-0.4600115267720105,-0.4600115267720105,1,2,1,2,8,8,2,2,0
400,609,609,-0.739450276937879,-0.739450276937879,1,2,1,2,3,3,2,2,0
401,276,276,-0.321144968953396,-0.321144968953396,1,2,1,2,6,6,2,2,0
402,138,138,0.6256851410291935,0.6256851410291935,1,2,1,2,6,6,2,2,0
403,867,867,-0.2049070587424373,-0.2049070587424373,1,2,1,2,3,3,2,2,0
404,224,224,0.555595318899125,0.555595318899125,1,2,1,2,2,2,2,2,0
405,3,3,-2.276564595574075,-2.276564595574075,1,2,1,2,0,0,2,2,0
406,423,423,0.19482878190123976,0.19482878190123976,1,2,1,2,8,8,2,2,0
407,870,870,0.996247420575066,0.996247420575066,1,2,1,2,9,9,2,2,0
408,713,713,-0.545700280591661,-0.545700280591661,1,2,1,2,2,2,2,2,0
409,85,85,0.03237290619501895,0.03237290619501895,1,2,1,2,8,8,2,2,0
410,292,156,0.769738558604316,0.0291929521375519,1,1,2,2,9,8,1,1,1
411,224,224,0.35973256140321397,0.35973256140321397,1,2,1,2,2,2,2,2,0
412,522,522,0.046777957511088486,0.046777957511088486,1,2,1,2,2,2,2,2,0
413,844,192,0.13185543420228,0.21509214748615,1,1,2,2,1,2,1,1,1
414,550,550,-0.7451890889196905,-0.7451890889196905,1,2,1,2,8,8,2,2,0
415,870,870,-2.4198264886961,-2.4198264886961,1,2,1,2,9,9,2,2,0
416,524,280,-0.62054075989185,-0.922596253088906,1,1,2,2,7,0,1,1,1
417,989,989,0.7977069033367875,0.7977069033367875,1,2,1,2,1,1,2,2,0
418,445,445,0.23942897319561685,0.23942897319561685,1,2,1,2,2,2,2,2,0
419,558,558,-0.19787480527871795,-0.19787480527871795,1,2,1,2,9,9,2,2,0
420,362,362,1.654271912273395,1.654271912273395,1,2,1,2,8,8,2,2,0
421,213,213,0.731066968423753,0.731066968423753,1,2,1,2,9,9,2,2,0
422,816,816,0.12372125693941957,0.12372125693941957,1,2,1,2,9,9,2,2,0
423,449,691,2.28303268838526,1.82187483792584,1,1,2,2,6,2,1,1,1
424,20,20,-0.48006318889994803,-0.48006318889994803,1,2,1,2,1,1,2,2,0
425,554,554,-0.013399521839278006,-0.013399521839278006,1,2,1,2,4,4,2,2,0
426,955,955,1.797606172385595,1.797606172385595,1,2,1,2,7,7,2,2,0
427,436,260,0.237006621694099,-0.868885992349597,1,1,2,2,1,7,1,1,1
428,787,787,2.26535717831419,2.26535717831419,1,2,1,2,9,9,2,2,0
429,476,476,-1.3798058454069548,-1.3798058454069548,1,2,1,2,2,2,2,2,0
430,720,720,1.075426012297739,1.075426012297739,1,2,1,2,4,4,2,2,0
431,480,480,0.659756767460444,0.659756767460444,1,2,1,2,4,4,2,2,0
432,853,363,0.162387282341272,0.461235323862527,1,1,2,2,8,8,1,1,1
433,734,734,-0.6094686500364275,-0.6094686500364275,1,2,1,2,9,9,2,2,0
434,448,448,0.163627324694164,0.163627324694164,1,2,1,2,2,2,2,2,0
435,782,384,-1.83900269776144,-1.57107264770383,1,1,2,2,5,8,1,1,1
436,984,984,0.34451632393616805,0.34451632393616805,1,2,1,2,2,2,2,2,0
437,225,225,0.6664384869008315,0.6664384869008315,1,2,1,2,2,2,2,2,0
438,176,176,-1.573684422644285,-1.573684422644285,1,2,1,2,9,9,2,2,0
439,188,302,1.34357357217074,1.56034657067996,1,1,2,2,8,1,1,1,1
440,52,52,-2.98140895939712,-2.98140895939712,1,2,1,2,0,0,2,2,0
441,945,198,0.60286598942463,0.476503792768757,1,1,2,2,9,4,1,1,1
442,653,653,1.197104815493633,1.197104815493633,1,2,1,2,1,1,2,2,0
443,59,59,-0.2922857853100255,-0.2922857853100255,1,2,1,2,5,5,2,2,0
444,31,116,-0.0357765515870952,-0.565485593401569,1,1,2,2,1,4,1,1,1
445,391,391,-0.260173680820706,-0.260173680820706,1,2,1,2,3,3,2,2,0
446,520,520,-0.08861276591248056,-0.08861276591248056,1,2,1,2,7,7,2,2,0
447,114,114,-0.035111380160431575,-0.035111380160431575,1,2,1,2,5,5,2,2,0
448,380,380,-2.17465906312579,-2.17465906312579,1,2,1,2,3,3,2,2,0
449,21,21,-2.386854777273385,-2.386854777273385,1,2,1,2,5,5,2,2,0
450,973,973,1.8131253782894698,1.8131253782894698,1,2,1,2,4,4,2,2,0
451,244,782,0.790461736798733,0.253074648899496,1,1,2,2,9,5,1,1,1
452,169,169,0.29236672101396277,0.29236672101396277,1,2,1,2,5,5,2,2,0
453,637,637,-0.0016280599773079996,-0.0016280599773079996,1,2,1,2,8,8,2,2,0
454,12,12,0.08277210549227348,0.08277210549227348,1,2,1,2,3,3,2,2,0
455,457,457,-2.87307866538274,-2.87307866538274,1,2,1,2,8,8,2,2,0
456,287,766,0.506879289150089,1.11327316774846,1,1,2,2,3,8,1,1,1
457,869,869,-0.4278759402374765,-0.4278759402374765,1,2,1,2,3,3,2,2,0
458,53,53,-0.7130534017662356,-0.7130534017662356,1,2,1,2,5,5,2,2,0
459,326,326,-0.3072392699311765,-0.3072392699311765,1,2,1,2,8,8,2,2,0
460,257,257,1.37540268297166,1.37540268297166,1,2,1,2,6,6,2,2,0
461,911,911,-0.5001398622570935,-0.5001398622570935,1,2,1,2,8,8,2,2,0
462,89,89,0.7910661176938669,0.7910661176938669,1,2,1,2,2,2,2,2,0
463,431,431,-0.754662749124681,-0.754662749124681,1,2,1,2,2,2,2,2,0
464,942,942,-0.7288287567286444,-0.7288287567286444,1,2,1,2,9,9,2,2,0
465,779,779,1.4393714887079851,1.4393714887079851,1,2,1,2,8,8,2,2,0
466,189,189,1.1213527287001899,1.1213527287001899,1,2,1,2,4,4,2,2,0
467,933,933,2.1604604099611153,2.1604604099611153,1,2,1,2,4,4,2,2,0
468,783,950,0.716848166188674,0.372917203342133,1,1,2,2,1,2,1,1,1
469,712,279,2.01790503457104,0.313182285294227,1,1,2,2,6,0,1,1,1
470,960,960,2.05111455610096,2.05111455610096,1,2,1,2,2,2,2,2,0
471,50,50,0.0877511031271382,0.0877511031271382,1,2,1,2,4,4,2,2,0
472,967,967,-1.261411194839235,-1.261411194839235,1,2,1,2,9,9,2,2,0
473,762,762,-0.39235041529890147,-0.39235041529890147,1,2,1,2,8,8,2,2,0
474,252,252,0.2253837274082593,0.2253837274082593,1,2,1,2,9,9,2,2,0
475,692,692,0.06987502544357005,0.06987502544357005,1,2,1,2,9,9,2,2,0
476,32,32,2.0483087963856796,2.0483087963856796,1,2,1,2,6,6,2,2,0
477,413,413,0.12878414202901067,0.12878414202901067,1,2,1,2,9,9,2,2,0
478,360,360,0.7421492508980629,0.7421492508980629,1,2,1,2,4,4,2,2,0
479,215,215,0.23073473888429147,0.23073473888429147,1,2,1,2,9,9,2,2,0
480,356,356,-0.1887582256005635,-0.1887582256005635,1,2,1,2,8,8,2,2,0
481,699,699,-0.736282661587313,-0.736282661587313,1,2,1,2,5,5,2,2,0
482,779,984,1.53478819617282,1.41382361161335,1,1,2,2,8,2,1,1,1
483,788,798,0.080105932646445,-0.889707589951497,1,1,2,2,2,5,1,1,1
484,374,254,1.07423633420738,0.279936032230195,1,1,2,2,9,7,1,1,1
485,829,829,0.1924720956287272,0.1924720956287272,1,2,1,2,7,7,2,2,0
486,861,861,0.7178780020768245,0.7178780020768245,1,2,1,2,7,7,2,2,0
487,714,714,-0.8776840893649385,-0.8776840893649385,1,2,1,2,2,2,2,2,0
488,530,530,1.87717132681657,1.87717132681657,1,2,1,2,9,9,2,2,0
489,334,334,0.416269867742107,0.416269867742107,1,2,1,2,4,4,2,2,0
490,728,860,-0.448055311283725,-0.498213008705862,1,1,2,2,3,8,1,1,1
491,575,575,1.41353845094247,1.41353845094247,1,2,1,2,4,4,2,2,0
492,552,149,0.00948616722632845,1.63810137819498,1,1,2,2,7,9,1,1,1
493,374,374,-1.4521781543268149,-1.4521781543268149,1,2,1,2,9,9,2,2,0
494,29,886,-1.36378101200185,-1.15316470908045,1,1,2,2,5,3,1,1,1
495,327,327,-1.4582090699323,-1.4582090699323,1,2,1,2,8,8,2,2,0
496,739,739,-0.133283319138976,-0.133283319138976,1,2,1,2,3,3,2,2,0
497,256,256,-1.012339015854116,-1.012339015854116,1,2,1,2,5,5,2,2,0
498,737,174,-0.099725188645301,-0.712298673070408,1,1,2,2,3,5,1,1,1
499,375,375,1.573175528698545,1.573175528698545,1,2,1,2,1,1,2,2,0
500,236,236,0.543851051903594,0.543851051903594,1,2,1,2,1,1,2,2,0
501,691,557,-1.70800639051207,-1.57135695627233,1,1,2,2,2,7,1,1,1
502,542,542,0.5760908607259535,0.5760908607259535,1,2,1,2,8,8,2,2,0
503,534,534,-0.1411826686986765,-0.1411826686986765,1,2,1,2,5,5,2,2,0
504,402,514,-0.75612651455081,-2.34427288767282,1,1,2,2,1,5,1,1,1
505,613,613,0.01963030906244101,0.01963030906244101,1,2,1,2,9,9,2,2,0
506,258,258,-1.285168613604809,-1.285168613604809,1,2,1,2,7,7,2,2,0
507,418,418,-1.255200180626183,-1.255200180626183,1,2,1,2,1,1,2,2,0
508,265,265,0.133127363654234,0.133127363654234,1,2,1,2,2,2,2,2,0
509,849,884,0.140466056469469,-1.34572277231062,1,1,2,2,4,5,1,1,1
510,276,276,1.003702856200288,1.003702856200288,1,2,1,2,6,6,2,2,0
511,237,857,-0.485172316999841,-0.92371570625966,1,1,2,2,5,5,1,1,1
512,112,112,0.38992888148846205,0.38992888148846205,1,2,1,2,7,7,2,2,0
513,879,207,0.66160376606795,-0.468887799204138,1,1,2,2,8,0,1,1,1
514,133,133,0.340810510946781,0.340810510946781,1,2,1,2,6,6,2,2,0
515,783,783,-0.375102040450694,-0.375102040450694,1,2,1,2,1,1,2,2,0
516,834,834,-0.284725995488633,-0.284725995488633,1,2,1,2,1,1,2,2,0
517,20,20,0.6281827898321265,0.6281827898321265,1,2,1,2,1,1,2,2,0
518,929,193,-1.33892678260482,-1.39619493951379,1,1,2,2,8,9,1,1,1
519,564,564,-0.9526684019525975,-0.9526684019525975,1,2,1,2,7,7,2,2,0
520,883,883,0.8271464019410795,0.8271464019410795,1,2,1,2,7,7,2,2,0
521,756,756,-0.720433156244547,-0.720433156244547,1,2,1,2,3,3,2,2,0
522,29,29,-2.15513539777555,-2.15513539777555,1,2,1,2,5,5,2,2,0
523,502,502,-1.010992689965029,-1.010992689965029,1,2,1,2,7,7,2,2,0
524,145,145,1.046868460009788,1.046868460009788,1,2,1,2,5,5,2,2,0
525,37,37,0.2902706647062375,0.2902706647062375,1,2,1,2,2,2,2,2,0
526,35,35,1.52870310634899,1.52870310634899,1,2,1,2,9,9,2,2,0
527,791,791,-0.04066776569907535,-0.04066776569907535,1,2,1,2,7,7,2,2,0
528,361,833,0.93812121329734,1.11719411882559,1,1,2,2,2,4,1,1,1
529,997,997,-0.7031008475770575,-0.7031008475770575,1,2,1,2,8,8,2,2,0
530,525,525,-0.339940952171569,-0.339940952171569,1,2,1,2,5,5,2,2,0
531,269,269,-0.6981546802514725,-0.6981546802514725,1,2,1,2,2,2,2,2,0
532,942,942,-0.7697430729517349,-0.7697430729517349,1,2,1,2,9,9,2,2,0
533,436,436,0.39871916759207,0.39871916759207,1,2,1,2,1,1,2,2,0
534,387,387,2.3972376731696503,2.3972376731696503,1,2,1,2,9,9,2,2,0
535,319,225,0.512762023073597,0.100491302069618,1,1,2,2,7,2,1,1,1
536,565,565,1.190797386147265,1.190797386147265,1,2,1,2,2,2,2,2,0
537,995,995,1.44802880662041,1.44802880662041,1,2,1,2,6,6,2,2,0
538,299,502,-0.74068063407247,-0.644471091477549,1,1,2,2,9,7,1,1,1
539,29,344,-0.786646364075525,0.902712845141275,1,1,2,2,5,1,1,1,1
540,668,668,-0.970364824909821,-0.970364824909821,1,2,1,2,7,7,2,2,0
541,997,997,-0.619258342042205,-0.619258342042205,1,2,1,2,8,8,2,2,0
542,607,607,0.1873392193260742,0.1873392193260742,1,2,1,2,8,8,2,2,0
543,77,935,-0.587331002993798,-1.39140147810092,1,1,2,2,9,1,1,1,1
544,640,640,1.547167123563725,1.547167123563725,1,2,1,2,4,4,2,2,0
545,9,9,1.38120708050727,1.38120708050727,1,2,1,2,9,9,2,2,0
546,980,6,-0.0264090056814697,-1.02619840515951,1,1,2,2,6,8,1,1,1
547,812,812,-0.16494163532805,-0.16494163532805,1,2,1,2,7,7,2,2,0
548,836,836,2.33500347132267,2.33500347132267,1,2,1,2,2,2,2,2,0
549,625,625,-0.29501701960474347,-0.29501701960474347,1,2,1,2,9,9,2,2,0
550,475,881,1.9273631740222,0.864568298619446,1,1,2,2,6,2,1,1,1
551,117,117,-1.5244612015161851,-1.5244612015161851,1,2,1,2,5,5,2,2,0
552,709,709,1.0822140468374526,1.0822140468374526,1,2,1,2,8,8,2,2,0
553,493,453,1.67416570810503,-0.0873880835321424,1,1,2,2,4,5,1,1,1
554,190,574,1.97334944366924,1.3779604713856,1,1,2,2,9,7,1,1,1
555,470,470,-1.43509161139577,-1.43509161139577,1,2,1,2,2,2,2,2,0
556,976,976,0.02539101785662151,0.02539101785662151,1,2,1,2,1,1,2,2,0
557,909,909,-0.12351862154492971,-0.12351862154492971,1,2,1,2,1,1,2,2,0
558,137,291,-0.326856204165554,0.204853128160259,1,1,2,2,9,9,1,1,1
559,505,980,-0.0030626311234345,0.843117619971014,1,1,2,2,1,6,1,1,1
560,995,995,-0.2727940508678428,-0.2727940508678428,1,2,1,2,6,6,2,2,0
561,669,669,0.39877044248578297,0.39877044248578297,1,2,1,2,2,2,2,2,0
562,260,260,-1.71165562708111,-1.71165562708111,1,2,1,2,7,7,2,2,0
563,455,587,1.1970133819179,1.01772111110087,1,1,2,2,5,7,1,1,1
564,873,433,-1.02160100041275,-2.2068415576182,1,1,2,2,2,7,1,1,1
565,902,902,0.381852026876969,0.381852026876969,1,2,1,2,9,9,2,2,0
566,694,694,0.6837056323519325,0.6837056323519325,1,2,1,2,2,2,2,2,0
567,4,4,-0.14960678111040468,-0.14960678111040468,1,2,1,2,2,2,2,2,0
568,660,280,-0.927852363333365,-1.77576785744995,1,1,2,2,7,0,1,1,1
569,868,868,-0.38280490534151296,-0.38280490534151296,1,2,1,2,3,3,2,2,0
570,682,682,0.5075061835028555,0.5075061835028555,1,2,1,2,7,7,2,2,0
571,140,140,-2.08338654418995,-2.08338654418995,1,2,1,2,5,5,2,2,0
572,549,207,-0.484868456062509,-1.5897495061137,1,1,2,2,9,0,1,1,1
573,315,315,0.3189590635224185,0.3189590635224185,1,2,1,2,8,8,2,2,0
574,365,365,0.463435913902872,0.463435913902872,1,2,1,2,4,4,2,2,0
575,89,89,1.144990064595371,1.144990064595371,1,2,1,2,2,2,2,2,0
576,665,876,0.110961684585636,1.04939122735076,1,1,2,2,3,1,1,1,1
577,728,728,-0.632758103905019,-0.632758103905019,1,2,1,2,3,3,2,2,0
578,251,251,-0.9667107278542224,-0.9667107278542224,1,2,1,2,9,9,2,2,0
579,783,783,0.2739689145069919,0.2739689145069919,1,2,1,2,1,1,2,2,0
580,14,263,0.352918821453826,-0.523837790312643,1,1,2,2,4,8,1,1,1
581,215,614,0.562543304666638,-0.525846782422229,1,1,2,2,9,8,1,1,1
582,777,777,-2.46647924554991,-2.46647924554991,1,2,1,2,5,5,2,2,0
583,403,403,0.7075491835579539,0.7075491835579539,1,2,1,2,1,1,2,2,0
584,85,535,-1.79552715003448,-0.989270460292054,1,1,2,2,8,4,1,1,1
585,875,718,-0.758514388992314,1.01166955495762,1,1,2,2,7,6,1,1,1
586,225,194,0.715132198145203,1.32031613843195,1,1,2,2,2,6,1,1,1
587,435,435,0.06354122217184935,0.06354122217184935,1,2,1,2,1,1,2,2,0
588,630,630,0.9212907398858161,0.9212907398858161,1,2,1,2,4,4,2,2,0
589,783,39,-0.588907874761692,-1.54442918036235,1,1,2,2,1,7,1,1,1
590,522,522,-3.15155477721346,-3.15155477721346,1,2,1,2,2,2,2,2,0
591,99,99,-0.5644924770337165,-0.5644924770337165,1,2,1,2,3,3,2,2,0
592,371,371,0.8519027805158065,0.8519027805158065,1,2,1,2,9,9,2,2,0
593,269,312,0.22989187724457,-0.0435774677773294,1,1,2,2,2,1,1,1,1
594,630,176,1.41356165242794,0.617968476740113,1,1,2,2,4,9,1,1,1
595,445,445,-1.1776653637125474,-1.1776653637125474,1,2,1,2,2,2,2,2,0
596,387,387,0.255621171115268,0.255621171115268,1,2,1,2,9,9,2,2,0
597,437,437,-1.650808625563285,-1.650808625563285,1,2,1,2,1,1,2,2,0
598,377,377,1.3840939539081152,1.3840939539081152,1,2,1,2,9,9,2,2,0
599,801,801,2.19200239683847,2.19200239683847,1,2,1,2,1,1,2,2,0
600,70,396,1.21944233075806,0.72973924918985,1,1,2,2,2,8,1,1,1
601,320,320,0.9394385391393254,0.9394385391393254,1,2,1,2,4,4,2,2,0
602,247,233,0.358306442657353,-0.90861649432338,1,1,2,2,1,2,1,1,1
603,179,682,-1.13172004805686,-1.96636639113836,1,1,2,2,9,7,1,1,1
604,741,741,0.787958047528283,0.787958047528283,1,2,1,2,2,2,2,2,0
605,97,97,0.05996477074555048,0.05996477074555048,1,2,1,2,9,9,2,2,0
606,467,467,-1.089434200414745,-1.089434200414745,1,2,1,2,8,8,2,2,0
607,561,561,-1.0691015071572445,-1.0691015071572445,1,2,1,2,1,1,2,2,0
608,53,304,-0.647409962045445,0.679007071540921,1,1,2,2,5,6,1,1,1
609,375,245,0.318672238357533,0.0992409435463806,1,1,2,2,1,1,1,1,1
610,243,243,-0.39298851228155196,-0.39298851228155196,1,2,1,2,8,8,2,2,0
611,658,340,-1.01555551901843,-1.51143280175019,1,1,2,2,9,7,1,1,1
612,676,676,2.123436673294015,2.123436673294015,1,2,1,2,9,9,2,2,0
613,711,738,0.0248407630675636,-0.475828625841034,1,1,2,2,2,3,1,1,1
614,188,188,0.9294016165653369,0.9294016165653369,1,2,1,2,8,8,2,2,0
615,505,505,-2.25783701010174,-2.25783701010174,1,2,1,2,1,1,2,2,0
616,626,626,-0.9666496554075306,-0.9666496554075306,1,2,1,2,7,7,2,2,0
617,490,828,-0.0952608898133513,-0.256230340960434,1,1,2,2,4,9,1,1,1
618,423,423,-1.085907994787251,-1.085907994787251,1,2,1,2,8,8,2,2,0
619,428,44,2.26552945554626,2.46878338444666,1,1,2,2,1,4,1,1,1
620,304,304,-0.3238734708734855,-0.3238734708734855,1,2,1,2,6,6,2,2,0
621,999,999,0.7849335696373985,0.7849335696373985,1,2,1,2,7,7,2,2,0
622,987,987,-0.10394285605667543,-0.10394285605667543,1,2,1,2,5,5,2,2,0
623,284,284,0.1803965078499905,0.1803965078499905,1,2,1,2,2,2,2,2,0
624,181,181,-0.4396712194791615,-0.4396712194791615,1,2,1,2,8,8,2,2,0
625,884,884,-0.3014195938166333,-0.3014195938166333,1,2,1,2,5,5,2,2,0
626,60,60,0.048113211729801486,0.048113211729801486,1,2,1,2,2,2,2,2,0
627,391,175,-2.06235425520879,-2.05327319535619,1,1,2,2,3,0,1,1,1
628,639,185,-2.74917096461371,-1.08275872845464,1,1,2,2,0,1,1,1,1
629,675,675,2.1201869511631903,2.1201869511631903,1,2,1,2,9,9,2,2,0
630,259,42,-1.01886196456062,-1.3255125044948,1,1,2,2,5,5,1,1,1
631,207,207,-2.879875614914805,-2.879875614914805,1,2,1,2,0,0,2,2,0
632,106,106,1.287314467940845,1.287314467940845,1,2,1,2,6,6,2,2,0
633,777,777,-0.7332959497142121,-0.7332959497142121,1,2,1,2,5,5,2,2,0
634,173,173,-1.73384189177458,-1.73384189177458,1,2,1,2,5,5,2,2,0
635,174,174,-2.3519100633792,-2.3519100633792,1,2,1,2,5,5,2,2,0
636,81,81,0.4794642535392495,0.4794642535392495,1,2,1,2,9,9,2,2,0
637,410,360,1.89986261616229,1.80816344793572,1,1,2,2,6,4,1,1,1
638,328,328,0.2069077315333896,0.2069077315333896,1,2,1,2,1,1,2,2,0
639,46,46,-0.765568658396051,-0.765568658396051,1,2,1,2,2,2,2,2,0
640,504,504,-1.336485943342705,-1.336485943342705,1,2,1,2,3,3,2,2,0
641,678,893,0.16996236956019,0.549683734234628,1,1,2,2,1,4,1,1,1
642,760,760,0.8969287654520005,0.8969287654520005,1,2,1,2,2,2,2,2,0
643,855,855,1.103281585857147,1.103281585857147,1,2,1,2,4,4,2,2,0
644,357,357,-0.37011374397991104,-0.37011374397991104,1,2,1,2,9,9,2,2,0
645,153,555,0.497835620529903,0.742817511219481,1,1,2,2,9,7,1,1,1
646,24,24,-0.7613612850939355,-0.7613612850939355,1,2,1,2,4,4,2,2,0
647,312,779,0.146868866092552,-0.642529008787235,1,1,2,2,1,8,1,1,1
648,265,265,0.285817471967428,0.285817471967428,1,2,1,2,2,2,2,2,0
649,669,669,0.41327814447268696,0.41327814447268696,1,2,1,2,2,2,2,2,0
650,924,603,-3.44918807316021,-2.7691374373953,1,1,2,2,5,5,1,1,1
651,646,646,-0.04701081772318459,-0.04701081772318459,1,2,1,2,2,2,2,2,0
652,912,912,0.45497571571681594,0.45497571571681594,1,2,1,2,8,8,2,2,0
653,109,166,-0.784701379170925,-1.44144657590471,1,1,2,2,8,2,1,1,1
654,753,753,1.32866382441386,1.32866382441386,1,2,1,2,1,1,2,2,0
655,528,512,-1.10728874685593,-1.24275420904841,1,1,2,2,9,7,1,1,1
656,393,393,1.1150139603936884,1.1150139603936884,1,2,1,2,9,9,2,2,0
657,821,821,0.5871406814839455,0.5871406814839455,1,2,1,2,9,9,2,2,0
658,686,28,0.274718561140719,0.994763697059515,1,1,2,2,8,1,1,1,1
659,134,134,-0.160829061730921,-0.160829061730921,1,2,1,2,7,7,2,2,0
660,130,130,0.548742602170952,0.548742602170952,1,2,1,2,8,8,2,2,0
661,272,272,1.96888149293611,1.96888149293611,1,2,1,2,1,1,2,2,0
662,288,288,2.5643441333820602,2.5643441333820602,1,2,1,2,4,4,2,2,0
663,137,137,0.5298577651530685,0.5298577651530685,1,2,1,2,9,9,2,2,0
664,564,293,-1.92408662166361,-1.96632265389421,1,1,2,2,7,9,1,1,1
665,616,616,0.9531719435056294,0.9531719435056294,1,2,1,2,4,4,2,2,0
666,934,732,0.532909477626156,0.818094505157836,1,1,2,2,1,9,1,1,1
667,972,692,-0.250889151936585,0.239791659236125,1,1,2,2,9,9,1,1,1
668,676,594,0.870203334800951,-0.762208174911627,1,1,2,2,9,5,1,1,1
669,386,386,0.705189708082478,0.705189708082478,1,2,1,2,8,8,2,2,0
670,340,757,-1.31629423587048,-0.371494972872832,1,1,2,2,7,9,1,1,1
671,396,396,-0.6446564951998445,-0.6446564951998445,1,2,1,2,8,8,2,2,0
672,611,611,0.8738228635347145,0.8738228635347145,1,2,1,2,9,9,2,2,0
673,609,609,-1.439479779318865,-1.439479779318865,1,2,1,2,3,3,2,2,0
674,327,494,0.160982181070382,0.66909891569641,1,1,2,2,8,4,1,1,1
675,343,343,-1.6179195674373799,-1.6179195674373799,1,2,1,2,9,9,2,2,0
676,74,295,-0.3506261440429,-1.45049739666498,1,1,2,2,6,7,1,1,1
677,318,318,-1.071901617200309,-1.071901617200309,1,2,1,2,2,2,2,2,0
678,660,660,-0.96383102247944,-0.96383102247944,1,2,1,2,7,7,2,2,0
679,51,887,-0.612537825813176,-0.220710428276974,1,1,2,2,3,1,1,1,1
680,103,103,-0.02463356208830889,-0.02463356208830889,1,2,1,2,7,7,2,2,0
681,473,473,0.4983413086650735,0.4983413086650735,1,2,1,2,5,5,2,2,0
682,255,255,-1.15605039352808,-1.15605039352808,1,2,1,2,0,0,2,2,0
683,889,889,-1.34632748411243,-1.34632748411243,1,2,1,2,3,3,2,2,0
684,931,931,-0.4578659961490815,-0.4578659961490815,1,2,1,2,4,4,2,2,0
685,247,247,-0.318332451981966,-0.318332451981966,1,2,1,2,1,1,2,2,0
686,597,597,-1.103517882038542,-1.103517882038542,1,2,1,2,0,0,2,2,0
687,383,383,0.602759036517363,0.602759036517363,1,2,1,2,9,9,2,2,0
688,283,844,-0.304413903833617,0.640139027676511,1,1,2,2,5,1,1,1,1
689,828,828,-2.12878437244788,-2.12878437244788,1,2,1,2,9,9,2,2,0
690,522,522,-0.11278085974839305,-0.11278085974839305,1,2,1,2,2,2,2,2,0
691,364,917,0.846715950146801,1.85484518829552,1,1,2,2,9,6,1,1,1
692,122,122,1.655923547077845,1.655923547077845,1,2,1,2,9,9,2,2,0
693,38,38,0.1232892729044476,0.1232892729044476,1,2,1,2,4,4,2,2,0
694,602,602,-0.916320576188403,-0.916320576188403,1,2,1,2,1,1,2,2,0
695,515,515,2.671969040607525,2.671969040607525,1,2,1,2,1,1,2,2,0
696,696,696,-0.894123332662364,-0.894123332662364,1,2,1,2,5,5,2,2,0
697,918,918,0.821068201078785,0.821068201078785,1,2,1,2,6,6,2,2,0
698,867,867,0.07083323018083151,0.07083323018083151,1,2,1,2,3,3,2,2,0
699,358,358,-1.8482718128203701,-1.8482718128203701,1,2,1,2,7,7,2,2,0
700,877,877,-0.23539632530992652,-0.23539632530992652,1,2,1,2,4,4,2,2,0
701,183,310,-1.57632091094616,-1.57714466940533,1,1,2,2,2,9,1,1,1
702,595,349,-0.159571785790535,0.00657029642632309,1,1,2,2,1,6,1,1,1
703,730,187,0.531148866404179,-0.00635124272677084,1,1,2,2,1,8,1,1,1
704,199,199,-1.200967925343815,-1.200967925343815,1,2,1,2,4,4,2,2,0
705,789,436,0.240053785065215,1.30728117554813,1,1,2,2,5,1,1,1,1
706,250,250,0.8599028382081916,0.8599028382081916,1,2,1,2,4,4,2,2,0
707,870,870,-0.7790594803858475,-0.7790594803858475,1,2,1,2,9,9,2,2,0
708,469,116,-0.0336992703953309,0.761948991334558,1,1,2,2,8,4,1,1,1
709,991,991,0.34076494847071803,0.34076494847071803,1,2,1,2,7,7,2,2,0
710,778,778,0.936800053312823,0.936800053312823,1,2,1,2,8,8,2,2,0
711,753,753,0.410173267400361,0.410173267400361,1,2,1,2,1,1,2,2,0
712,155,155,-0.1868074217640448,-0.1868074217640448,1,2,1,2,9,9,2,2,0
713,607,876,-0.34673308405216,0.39719434278748,1,1,2,2,8,1,1,1,1
714,850,850,2.23300971602904,2.23300971602904,1,2,1,2,1,1,2,2,0
715,35,35,1.145899506640765,1.145899506640765,1,2,1,2,9,9,2,2,0
716,312,312,1.340734530792425,1.340734530792425,1,2,1,2,1,1,2,2,0
717,74,74,0.175801671434838,0.175801671434838,1,2,1,2,6,6,2,2,0
718,512,512,-0.27266383561382046,-0.27266383561382046,1,2,1,2,7,7,2,2,0
719,165,165,0.2115437992110677,0.2115437992110677,1,2,1,2,1,1,2,2,0
720,619,619,-1.1535957519155056,-1.1535957519155056,1,2,1,2,2,2,2,2,0
721,45,45,-1.2114520145833985,-1.2114520145833985,1,2,1,2,2,2,2,2,0
722,55,900,0.906483256964586,-0.382873510508665,1,1,2,2,8,0,1,1,1
723,83,83,-1.2787660305901198,-1.2787660305901198,1,2,1,2,2,2,2,2,0
724,510,510,-1.0265896536488095,-1.0265896536488095,1,2,1,2,5,5,2,2,0
725,557,806,-0.378405534391148,0.322755735382258,1,1,2,2,7,9,1,1,1
726,190,149,0.51191819932741,0.745779951316119,1,1,2,2,9,9,1,1,1
727,469,218,-0.560657913136937,0.643224904256465,1,1,2,2,8,2,1,1,1
728,731,731,-0.6617530259015995,-0.6617530259015995,1,2,1,2,2,2,2,2,0
729,164,164,0.9117694920281849,0.9117694920281849,1,2,1,2,9,9,2,2,0
730,783,783,1.882457279540915,1.882457279540915,1,2,1,2,1,1,2,2,0
731,500,500,1.83994295981701,1.83994295981701,1,2,1,2,6,6,2,2,0
732,68,68,-2.135499436200155,-2.135499436200155,1,2,1,2,8,8,2,2,0
733,838,838,1.745071522843565,1.745071522843565,1,2,1,2,9,9,2,2,0
734,170,170,-1.146200781091895,-1.146200781091895,1,2,1,2,0,0,2,2,0
735,991,991,0.27491039768536296,0.27491039768536296,1,2,1,2,7,7,2,2,0
736,316,36,-0.529666342887968,0.559497783754296,1,1,2,2,0,8,1,1,1
737,287,287,-0.5649010431093965,-0.5649010431093965,1,2,1,2,3,3,2,2,0
738,396,396,-0.20699817306683901,-0.20699817306683901,1,2,1,2,8,8,2,2,0
739,166,166,0.5229370062584295,0.5229370062584295,1,2,1,2,2,2,2,2,0
740,432,432,1.0561956162016395,1.0561956162016395,1,2,1,2,2,2,2,2,0
741,483,575,1.72463128168084,1.63246229767073,1,1,2,2,4,4,1,1,1
742,26,26,1.954213442818815,1.954213442818815,1,2,1,2,5,5,2,2,0
743,99,713,0.00433722279226723,0.535060444805494,1,1,2,2,3,2,1,1,1
744,154,154,0.004581683634805496,0.004581683634805496,1,2,1,2,8,8,2,2,0
745,667,667,-2.210192993242145,-2.210192993242145,1,2,1,2,2,2,2,2,0
746,515,381,2.80751385933411,2.00489532820083,1,1,2,2,1,8,1,1,1
747,214,214,-1.250083045862965,-1.250083045862965,1,2,1,2,7,7,2,2,0
748,582,582,1.45019884780012,1.45019884780012,1,2,1,2,2,2,2,2,0
749,854,854,0.20290189471356496,0.20290189471356496,1,2,1,2,2,2,2,2,0
750,138,138,2.6672090924414,2.6672090924414,1,2,1,2,6,6,2,2,0
751,300,840,-0.298740624843586,0.813773135362397,1,1,2,2,2,4,1,1,1
752,379,379,0.7111209846040745,0.7111209846040745,1,2,1,2,9,9,2,2,0
753,81,149,0.323324307114987,0.275133407482045,1,1,2,2,9,9,1,1,1
754,334,334,0.891593312471288,0.891593312471288,1,2,1,2,4,4,2,2,0
755,754,811,0.219020844785637,-0.0607787535298999,1,1,2,2,9,8,1,1,1
756,609,658,0.42324874516274,1.14994616097581,1,1,2,2,3,9,1,1,1
757,798,798,-0.8002663297322206,-0.8002663297322206,1,2,1,2,5,5,2,2,0
758,493,493,-1.408211467279425,-1.408211467279425,1,2,1,2,4,4,2,2,0
759,556,510,-0.919685708119818,-1.22165063368495,1,1,2,2,0,5,1,1,1
760,89,590,1.08480870671816,0.0668549445996796,1,1,2,2,2,0,1,1,1
761,708,708,0.1967198163956079,0.1967198163956079,1,2,1,2,7,7,2,2,0
762,185,185,0.651286772224883,0.651286772224883,1,2,1,2,1,1,2,2,0
763,606,606,-0.8245098315970805,-0.8245098315970805,1,2,1,2,1,1,2,2,0
764,451,451,-0.005618046762286999,-0.005618046762286999,1,2,1,2,3,3,2,2,0
765,338,338,0.1678725875055495,0.1678725875055495,1,2,1,2,0,0,2,2,0
766,85,85,0.3206149370970565,0.3206149370970565,1,2,1,2,8,8,2,2,0
767,126,126,-1.081810419185893,-1.081810419185893,1,2,1,2,0,0,2,2,0
768,201,16,-1.14399445795679,-0.0633494978308206,1,1,2,2,7,7,1,1,1
769,264,264,1.08931837479297,1.08931837479297,1,2,1,2,8,8,2,2,0
770,701,701,-2.065130816780815,-2.065130816780815,1,2,1,2,3,3,2,2,0
771,208,208,-0.6791484057775115,-0.6791484057775115,1,2,1,2,2,2,2,2,0
772,515,515,0.7742872242454399,0.7742872242454399,1,2,1,2,1,1,2,2,0
773,527,269,-2.68732501903497,-1.65232121314728,1,1,2,2,0,2,1,1,1
774,713,399,0.0640211318317264,0.395338534993319,1,1,2,2,2,7,1,1,1
775,605,146,1.97220554269755,2.01621764179944,1,1,2,2,1,2,1,1,1
776,131,892,-0.729864449940741,-0.0892878773873722,1,1,2,2,8,2,1,1,1
777,712,712,0.4402618486509,0.4402618486509,1,2,1,2,6,6,2,2,0
778,186,473,0.667889748834284,-0.165010187447434,1,1,2,2,1,5,1,1,1
779,515,93,0.266884438344042,-0.073284506823929,1,1,2,2,1,9,1,1,1
780,189,968,1.12105574625055,0.545597942570934,1,1,2,2,4,8,1,1,1
781,72,72,1.3013946029599701,1.3013946029599701,1,2,1,2,7,7,2,2,0
782,118,118,-0.7508236856113265,-0.7508236856113265,1,2,1,2,8,8,2,2,0
783,837,411,-1.40978081834622,-1.26171407463438,1,1,2,2,2,4,1,1,1
784,646,399,-1.04240725117898,-1.66524307924155,1,1,2,2,2,7,1,1,1
785,996,996,0.0421786596411912,0.0421786596411912,1,2,1,2,4,4,2,2,0
786,238,238,0.862774525486633,0.862774525486633,1,2,1,2,8,8,2,2,0
787,933,933,-1.42767337053887,-1.42767337053887,1,2,1,2,4,4,2,2,0
788,346,346,-1.646222490793145,-1.646222490793145,1,2,1,2,2,2,2,2,0
789,295,295,-0.854059798105635,-0.854059798105635,1,2,1,2,7,7,2,2,0
790,800,800,-0.1755391940098835,-0.1755391940098835,1,2,1,2,8,8,2,2,0
791,384,539,-1.5909504008262,-0.406674586027255,1,1,2,2,8,9,1,1,1
792,8,8,0.7381885899109195,0.7381885899109195,1,2,1,2,2,2,2,2,0
793,392,392,1.0097637459434203,1.0097637459434203,1,2,1,2,4,4,2,2,0
794,748,748,-0.5888875368174245,-0.5888875368174245,1,2,1,2,7,7,2,2,0
795,825,257,0.609757768623422,2.03534988352473,1,1,2,2,9,6,1,1,1
796,96,96,0.4274412683345323,0.4274412683345323,1,2,1,2,9,9,2,2,0
797,28,28,-0.17086749924958053,-0.17086749924958053,1,2,1,2,1,1,2,2,0
798,116,116,0.6830285078226874,0.6830285078226874,1,2,1,2,4,4,2,2,0
799,777,777,-0.3364125063317715,-0.3364125063317715,1,2,1,2,5,5,2,2,0
800,538,538,0.29863022384035537,0.29863022384035537,1,2,1,2,5,5,2,2,0
801,188,402,-0.722260966064488,-0.0362936606830684,1,1,2,2,8,1,1,1,1
802,854,854,0.9738363025512415,0.9738363025512415,1,2,1,2,2,2,2,2,0
803,269,269,1.04404160242027,1.04404160242027,1,2,1,2,2,2,2,2,0
804,900,959,-1.09713922303359,-0.12313898105057,1,1,2,2,0,3,1,1,1
805,567,567,0.1281901298613075,0.1281901298613075,1,2,1,2,9,9,2,2,0
806,409,409,-0.733846123091449,-0.733846123091449,1,2,1,2,7,7,2,2,0
807,568,568,1.8123232304563048,1.8123232304563048,1,2,1,2,8,8,2,2,0
808,282,282,0.507223805064669,0.507223805064669,1,2,1,2,4,4,2,2,0
809,61,61,-0.1626850051050621,-0.1626850051050621,1,2,1,2,7,7,2,2,0
810,848,848,-2.431002963342915,-2.431002963342915,1,2,1,2,7,7,2,2,0
811,492,492,-0.7765450151941344,-0.7765450151941344,1,2,1,2,9,9,2,2,0
812,577,577,-0.2409662187898865,-0.2409662187898865,1,2,1,2,2,2,2,2,0
813,320,320,1.44942070636172,1.44942070636172,1,2,1,2,4,4,2,2,0
814,86,86,0.5629762392381921,0.5629762392381921,1,2,1,2,2,2,2,2,0
815,980,980,2.382370628670335,2.382370628670335,1,2,1,2,6,6,2,2,0
816,833,833,0.959948629822969,0.959948629822969,1,2,1,2,4,4,2,2,0
817,356,356,1.11976639934507,1.11976639934507,1,2,1,2,8,8,2,2,0
818,401,401,-1.497704575024255,-1.497704575024255,1,2,1,2,7,7,2,2,0
819,422,422,-2.029529568235415,-2.029529568235415,1,2,1,2,3,3,2,2,0
820,619,81,-1.53523465234588,-0.379949260260812,1,1,2,2,2,9,1,1,1
821,4,4,0.496260389220419,0.496260389220419,1,2,1,2,2,2,2,2,0
822,470,470,0.01762119846154095,0.01762119846154095,1,2,1,2,2,2,2,2,0
823,497,793,0.225116245397099,0.739782458635064,1,1,2,2,5,2,1,1,1
824,386,386,-0.703002765783688,-0.703002765783688,1,2,1,2,8,8,2,2,0
825,520,520,-1.43356214066231,-1.43356214066231,1,2,1,2,7,7,2,2,0
826,157,157,0.044609230123613494,0.044609230123613494,1,2,1,2,1,1,2,2,0
827,907,907,-1.020045535546956,-1.020045535546956,1,2,1,2,9,9,2,2,0
828,305,305,-0.5926113751635145,-0.5926113751635145,1,2,1,2,8,8,2,2,0
829,677,677,-1.030353531543453,-1.030353531543453,1,2,1,2,2,2,2,2,0
830,398,398,1.0601168923278999,1.0601168923278999,1,2,1,2,1,1,2,2,0
831,7,7,0.2637838248805998,0.2637838248805998,1,2,1,2,4,4,2,2,0
832,608,608,0.1431254643836487,0.1431254643836487,1,2,1,2,8,8,2,2,0
833,268,268,3.0145177865639,3.0145177865639,1,2,1,2,6,6,2,2,0
834,859,859,0.26638293445184874,0.26638293445184874,1,2,1,2,9,9,2,2,0
835,828,788,0.868928648998716,-0.0444126221700608,1,1,2,2,9,2,1,1,1
836,283,283,-1.9427611580958601,-1.9427611580958601,1,2,1,2,5,5,2,2,0
837,709,709,-1.1772906379879244,-1.1772906379879244,1,2,1,2,8,8,2,2,0
838,196,390,-0.0328347725426855,0.188283948557334,1,1,2,2,8,1,1,1,1
839,157,157,0.6329214082642645,0.6329214082642645,1,2,1,2,1,1,2,2,0
840,719,6,-1.71860026361974,-0.851073893593284,1,1,2,2,7,8,1,1,1
841,730,730,2.950835838162325,2.950835838162325,1,2,1,2,1,1,2,2,0
842,129,968,-0.567936684716162,-0.605572959995198,1,1,2,2,9,8,1,1,1
843,217,217,-0.414301197369076,-0.414301197369076,1,2,1,2,7,7,2,2,0
844,794,794,1.2476099187656726,1.2476099187656726,1,2,1,2,4,4,2,2,0
845,631,631,0.13875020280152,0.13875020280152,1,2,1,2,7,7,2,2,0
846,533,533,-0.7371780425468579,-0.7371780425468579,1,2,1,2,8,8,2,2,0
847,486,496,-0.366477855865939,1.77893121711599,1,1,2,2,5,1,1,1,1
848,250,196,1.8979597570937,1.93234056441172,1,1,2,2,4,8,1,1,1
849,105,816,0.13269373803168,-0.0234524240131401,1,1,2,2,9,9,1,1,1
850,731,731,0.906241182172026,0.906241182172026,1,2,1,2,2,2,2,2,0
851,748,748,-0.159297104152786,-0.159297104152786,1,2,1,2,7,7,2,2,0
852,845,845,1.312208216160155,1.312208216160155,1,2,1,2,9,9,2,2,0
853,433,433,-2.0625798964671,-2.0625798964671,1,2,1,2,7,7,2,2,0
854,208,208,2.030361461034165,2.030361461034165,1,2,1,2,2,2,2,2,0
855,591,435,-1.59463389660338,-0.183870408591526,1,1,2,2,0,1,1,1,1
856,249,249,-1.435716553599475,-1.435716553599475,1,2,1,2,7,7,2,2,0
857,122,122,0.1738161667977845,0.1738161667977845,1,2,1,2,9,9,2,2,0
858,834,834,0.1091842213231218,0.1091842213231218,1,2,1,2,1,1,2,2,0
859,589,427,2.48417225571253,1.01288992943995,1,1,2,2,4,8,1,1,1
860,336,336,1.71797868456518,1.71797868456518,1,2,1,2,4,4,2,2,0
861,776,776,-0.2927345800482545,-0.2927345800482545,1,2,1,2,7,7,2,2,0
862,58,303,-1.57368267440488,-2.40335756468656,1,1,2,2,7,5,1,1,1
863,409,409,-1.787119681429665,-1.787119681429665,1,2,1,2,7,7,2,2,0
864,258,894,0.0335087941578494,0.23121024878811,1,1,2,2,7,8,1,1,1
865,960,960,2.702326085321835,2.702326085321835,1,2,1,2,2,2,2,2,0
866,359,968,-1.65572421567954,-2.37044661956013,1,1,2,2,4,8,1,1,1
867,780,83,1.63542970148659,1.230181359163,1,1,2,2,2,2,1,1,1
868,473,473,-1.0612307736930604,-1.0612307736930604,1,2,1,2,5,5,2,2,0
869,851,599,2.1241790893862,0.521716441276048,1,1,2,2,9,5,1,1,1
870,109,109,-0.9959916235287855,-0.9959916235287855,1,2,1,2,8,8,2,2,0
871,900,900,-0.7529863274255746,-0.7529863274255746,1,2,1,2,0,0,2,2,0
872,871,871,-1.46224823201085,-1.46224823201085,1,2,1,2,5,5,2,2,0
873,563,321,0.708588470277003,0.835894958571303,1,1,2,2,4,3,1,1,1
874,399,399,0.7576522678195535,0.7576522678195535,1,2,1,2,7,7,2,2,0
875,775,775,2.25752050185545,2.25752050185545,1,2,1,2,2,2,2,2,0
876,396,396,0.1989065039633455,0.1989065039633455,1,2,1,2,8,8,2,2,0
877,421,421,2.358284247737675,2.358284247737675,1,2,1,2,4,4,2,2,0
878,690,690,-0.2020631347125795,-0.2020631347125795,1,2,1,2,0,0,2,2,0
879,11,121,0.224332852814975,-0.630219009082091,1,1,2,2,6,3,1,1,1
880,81,723,0.416743207914597,0.761346417684042,1,1,2,2,9,4,1,1,1
881,959,959,-1.119647642687532,-1.119647642687532,1,2,1,2,3,3,2,2,0
882,838,746,0.112244279885121,0.0427751248015608,1,1,2,2,9,9,1,1,1
883,81,81,1.485436949066075,1.485436949066075,1,2,1,2,9,9,2,2,0
884,377,377,0.367355347531022,0.367355347531022,1,2,1,2,9,9,2,2,0
885,821,406,0.974518821414633,-1.60457014206613,1,1,2,2,9,0,1,1,1
886,660,167,-1.16882299096352,-1.35675859467843,1,1,2,2,7,8,1,1,1
887,646,646,-0.5316172343788436,-0.5316172343788436,1,2,1,2,2,2,2,2,0
888,604,604,-0.8693594248712939,-0.8693594248712939,1,2,1,2,3,3,2,2,0
889,612,75,-0.0104482633257257,0.905649317054483,1,1,2,2,2,1,1,1,1
890,996,869,-0.243233294939919,-1.18599145182051,1,1,2,2,4,3,1,1,1
891,829,829,0.1655221376084585,0.1655221376084585,1,2,1,2,7,7,2,2,0
892,894,894,-1.430984719939685,-1.430984719939685,1,2,1,2,8,8,2,2,0
893,755,755,2.40121694303353,2.40121694303353,1,2,1,2,9,9,2,2,0
894,781,781,1.302655701924925,1.302655701924925,1,2,1,2,4,4,2,2,0
895,114,376,-1.1056964866406,-0.620939848608059,1,1,2,2,5,2,1,1,1
896,619,619,0.2806226913780741,0.2806226913780741,1,2,1,2,2,2,2,2,0
897,483,483,0.587566839824353,0.587566839824353,1,2,1,2,4,4,2,2,0
898,948,948,0.4810632552520725,0.4810632552520725,1,2,1,2,8,8,2,2,0
899,304,304,1.0320071466289584,1.0320071466289584,1,2,1,2,6,6,2,2,0
900,950,950,-1.18689436711983,-1.18689436711983,1,2,1,2,2,2,2,2,0
901,185,268,-0.699149916917517,0.799547759513393,1,1,2,2,1,6,1,1,1
902,42,42,-0.4828476633680125,-0.4828476633680125,1,2,1,2,5,5,2,2,0
903,190,190,1.749416305310225,1.749416305310225,1,2,1,2,9,9,2,2,0
904,447,132,1.53859922413412,1.71406914020423,1,1,2,2,1,2,1,1,1
905,209,209,-0.6164609729019845,-0.6164609729019845,1,2,1,2,2,2,2,2,0
906,918,918,2.014656409826895,2.014656409826895,1,2,1,2,6,6,2,2,0
907,820,820,0.2946699996420325,0.2946699996420325,1,2,1,2,1,1,2,2,0
908,674,674,1.046542062064065,1.046542062064065,1,2,1,2,9,9,2,2,0
909,545,545,0.367805981955492,0.367805981955492,1,2,1,2,1,1,2,2,0
910,962,49,2.16706055196438,2.42522263140195,1,1,2,2,3,1,1,1,1
911,556,556,-1.50466757457819,-1.50466757457819,1,2,1,2,0,0,2,2,0
912,873,873,0.0387837228521426,0.0387837228521426,1,2,1,2,2,2,2,2,0
913,453,453,-2.284857882054345,-2.284857882054345,1,2,1,2,5,5,2,2,0
914,285,285,0.2310716402977602,0.2310716402977602,1,2,1,2,7,7,2,2,0
915,237,237,0.6852336114567945,0.6852336114567945,1,2,1,2,5,5,2,2,0
916,968,359,0.808933768164513,1.66738365079031,1,1,2,2,8,4,1,1,1
917,449,449,-0.685854582583201,-0.685854582583201,1,2,1,2,6,6,2,2,0
918,357,357,0.30649971204597987,0.30649971204597987,1,2,1,2,9,9,2,2,0
919,379,341,1.29690793474104,1.90016687040907,1,1,2,2,9,4,1,1,1
920,582,137,-1.21968037385618,-0.509047112270159,1,1,2,2,2,9,1,1,1
921,90,90,-0.09696250597726205,-0.09696250597726205,1,2,1,2,3,3,2,2,0
922,863,863,-0.189664455129134,-0.189664455129134,1,2,1,2,7,7,2,2,0
923,818,889,0.248109253019812,0.155092771227692,1,1,2,2,3,3,1,1,1
924,930,930,0.0380932848762032,0.0380932848762032,1,2,1,2,8,8,2,2,0
925,898,898,1.75283974191463,1.75283974191463,1,2,1,2,9,9,2,2,0
926,121,121,-0.4305851435402235,-0.4305851435402235,1,2,1,2,3,3,2,2,0
927,380,380,0.5047470660904625,0.5047470660904625,1,2,1,2,3,3,2,2,0
928,518,518,2.514505147045115,2.514505147045115,1,2,1,2,2,2,2,2,0
929,558,558,0.497450443415761,0.497450443415761,1,2,1,2,9,9,2,2,0
930,886,454,-0.19408948219321,0.0222735592049948,1,1,2,2,3,7,1,1,1
931,896,896,-1.02630995319265,-1.02630995319265,1,2,1,2,9,9,2,2,0
932,637,637,-0.6531060673880671,-0.6531060673880671,1,2,1,2,8,8,2,2,0
933,252,252,0.27312141854730954,0.27312141854730954,1,2,1,2,9,9,2,2,0
934,8,8,-0.010650125373230498,-0.010650125373230498,1,2,1,2,2,2,2,2,0
935,837,837,-0.6569933799157885,-0.6569933799157885,1,2,1,2,2,2,2,2,0
936,609,609,-1.72578852964492,-1.72578852964492,1,2,1,2,3,3,2,2,0
937,625,625,-0.4231710350053695,-0.4231710350053695,1,2,1,2,9,9,2,2,0
938,480,480,0.15758075166386024,0.15758075166386024,1,2,1,2,4,4,2,2,0
939,890,890,1.58120377766734,1.58120377766734,1,2,1,2,4,4,2,2,0
940,595,85,1.44847193745255,0.410054155710079,1,1,2,2,1,8,1,1,1
941,843,843,-0.5022521614481554,-0.5022521614481554,1,2,1,2,9,9,2,2,0
942,990,990,-0.87128898071051,-0.87128898071051,1,2,1,2,6,6,2,2,0
943,652,652,-1.115661009537549,-1.115661009537549,1,2,1,2,7,7,2,2,0
944,772,772,-0.715755904908188,-0.715755904908188,1,2,1,2,8,8,2,2,0
945,903,938,0.188011321352555,-0.220497346677463,1,1,2,2,3,2,1,1,1
946,963,963,-0.26983795141308636,-0.26983795141308636,1,2,1,2,4,4,2,2,0
947,282,282,2.036913982270835,2.036913982270835,1,2,1,2,4,4,2,2,0
948,460,460,0.042631917866535654,0.042631917866535654,1,2,1,2,4,4,2,2,0
949,718,718,-0.044760066209507746,-0.044760066209507746,1,2,1,2,6,6,2,2,0
950,868,868,-0.329293863464202,-0.329293863464202,1,2,1,2,3,3,2,2,0
951,659,659,-0.776839387841948,-0.776839387841948,1,2,1,2,8,8,2,2,0
952,618,618,0.8290599202604475,0.8290599202604475,1,2,1,2,4,4,2,2,0
953,427,427,-0.354019743647758,-0.354019743647758,1,2,1,2,8,8,2,2,0
954,558,558,0.8102087639911459,0.8102087639911459,1,2,1,2,9,9,2,2,0
955,611,353,-1.43732815634599,-0.814865312046276,1,1,2,2,9,1,1,1,1
956,704,704,0.058617315659295996,0.058617315659295996,1,2,1,2,8,8,2,2,0
957,467,467,-0.1829844297402185,-0.1829844297402185,1,2,1,2,8,8,2,2,0
958,529,529,-0.5005637546098305,-0.5005637546098305,1,2,1,2,4,4,2,2,0
959,741,741,0.8079189047779345,0.8079189047779345,1,2,1,2,2,2,2,2,0
960,860,482,0.573580594441762,1.11634023665273,1,1,2,2,8,8,1,1,1
961,597,597,1.66872211242026,1.66872211242026,1,2,1,2,0,0,2,2,0
962,762,762,0.2359698166055685,0.2359698166055685,1,2,1,2,8,8,2,2,0
963,177,468,-0.0630387359560795,0.0199613040822264,1,1,2,2,2,9,1,1,1
964,223,223,0.31371565017728753,0.31371565017728753,1,2,1,2,8,8,2,2,0
965,281,281,-0.19674891255805824,-0.19674891255805824,1,2,1,2,2,2,2,2,0
966,559,559,-2.0429535789618,-2.0429535789618,1,2,1,2,2,2,2,2,0
967,956,956,-2.5500543238597952,-2.5500543238597952,1,2,1,2,5,5,2,2,0
968,797,797,0.6177551067605229,0.6177551067605229,1,2,1,2,6,6,2,2,0
969,340,239,-1.55337785884955,-0.347855044839605,1,1,2,2,7,2,1,1,1
970,931,931,0.503306862559617,0.503306862559617,1,2,1,2,4,4,2,2,0
971,465,465,-2.70268853676767,-2.70268853676767,1,2,1,2,5,5,2,2,0
972,218,920,-1.0522765699544,-1.73718546321493,1,1,2,2,2,2,1,1,1
973,828,828,-0.628610747152436,-0.628610747152436,1,2,1,2,9,9,2,2,0
974,868,821,0.220921842886938,1.29057644472286,1,1,2,2,3,9,1,1,1
975,937,937,-0.27013761815543647,-0.27013761815543647,1,2,1,2,6,6,2,2,0
976,864,864,-1.3967681246617452,-1.3967681246617452,1,2,1,2,7,7,2,2,0
977,184,184,0.5663010635378185,0.5663010635378185,1,2,1,2,6,6,2,2,0
978,405,405,0.6750406657345905,0.6750406657345905,1,2,1,2,6,6,2,2,0
979,359,359,0.8504667136764905,0.8504667136764905,1,2,1,2,4,4,2,2,0
980,774,774,2.455660901658995,2.455660901658995,1,2,1,2,9,9,2,2,0
981,283,283,-1.758479907510185,-1.758479907510185,1,2,1,2,5,5,2,2,0
982,475,475,1.3322844116281098,1.3322844116281098,1,2,1,2,6,6,2,2,0
983,71,153,-0.548967495897631,-0.738978383237017,1,1,2,2,9,9,1,1,1
984,763,763,1.534249315299335,1.534249315299335,1,2,1,2,2,2,2,2,0
985,158,158,-1.0886152547321275,-1.0886152547321275,1,2,1,2,8,8,2,2,0
986,949,949,-0.5356710680350371,-0.5356710680350371,1,2,1,2,7,7,2,2,0
987,737,887,0.309951328577181,1.02320331939795,1,1,2,2,3,1,1,1,1
988,450,450,-1.774588386745605,-1.774588386745605,1,2,1,2,0,0,2,2,0
989,728,728,1.207586541042815,1.207586541042815,1,2,1,2,3,3,2,2,0
990,0,0,0.4037792002285775,0.4037792002285775,1,2,1,2,3,3,2,2,0
991,852,852,-0.8594494504215445,-0.8594494504215445,1,2,1,2,8,8,2,2,0
992,959,959,0.184041927798226,0.184041927798226,1,2,1,2,3,3,2,2,0
993,616,616,0.763188894263504,0.763188894263504,1,2,1,2,4,4,2,2,0
994,798,798,-0.577615761294737,-0.577615761294737,1,2,1,2,5,5,2,2,0
995,78,78,0.34398925680819803,0.34398925680819803,1,2,1,2,1,1,2,2,0
996,563,854,1.10820228207062,1.53709106331448,1,1,2,2,4,2,1,1,1
997,673,673,-1.0450152372946095,-1.0450152372946095,1,2,1,2,9,9,2,2,0
998,289,289,-0.14667934137709826,-0.14667934137709826,1,2,1,2,8,8,2,2,0
999,883,883,-0.5378292170944855,-0.5378292170944855,1,2,1,2,7,7,2,2,0
